This file contains any messages produced by compilers while
running configure, to aid debugging if configure makes a mistake.

It was created by configure, which was
generated by GNU Autoconf 2.59.  Invocation command line was

  $ /home/runner/work/binutils217/binutils217/libiberty/configure --cache-file=./config.cache --build=x86_64-unknown-linux-gnu --host=x86_64-unknown-linux-gnu --target=x86_64-unknown-linux-gnu --with-gnu-as --with-gnu-ld --prefix=/tmp/binut217 --disable-werror --program-transform-name=s,y,y, --srcdir=.././libiberty

## --------- ##
## Platform. ##
## --------- ##

hostname = runnervm46oaq
uname -m = x86_64
uname -r = 6.14.0-1017-azure
uname -s = Linux
uname -v = #17~24.04.1-Ubuntu SMP Mon Dec  1 20:10:50 UTC 2025

/usr/bin/uname -p = x86_64
/bin/uname -X     = unknown

/bin/arch              = x86_64
/usr/bin/arch -k       = unknown
/usr/convex/getsysinfo = unknown
hostinfo               = unknown
/bin/machine           = unknown
/usr/bin/oslevel       = unknown
/bin/universe          = unknown

PATH: /home/runner/work/_temp/ghcca-node/node/bin
PATH: /snap/bin
PATH: /home/runner/.local/bin
PATH: /opt/pipx_bin
PATH: /home/runner/.cargo/bin
PATH: /home/runner/.config/composer/vendor/bin
PATH: /usr/local/.ghcup/bin
PATH: /home/runner/.dotnet/tools
PATH: /usr/local/sbin
PATH: /usr/local/bin
PATH: /usr/sbin
PATH: /usr/bin
PATH: /sbin
PATH: /bin
PATH: /usr/games
PATH: /usr/local/games
PATH: /snap/bin


## ----------- ##
## Core tests. ##
## ----------- ##

configure:1227: creating cache ./config.cache
configure:1384: checking whether to enable maintainer-specific portions of Makefiles
configure:1394: result: no
configure:1409: checking for makeinfo
configure:1435: result: makeinfo
configure:1474: checking for perl
configure:1490: found /usr/bin/perl
configure:1500: result: perl
configure:1520: checking build system type
configure:1538: result: x86_64-unknown-linux-gnu
configure:1546: checking host system type
configure:1560: result: x86_64-unknown-linux-gnu
configure:1573: checking for x86_64-unknown-linux-gnu-ar
configure:1599: result: ar
configure:1652: checking for x86_64-unknown-linux-gnu-ranlib
configure:1678: result: ranlib
configure:1739: checking for x86_64-unknown-linux-gnu-gcc
configure:1765: result: gcc
configure:2047: checking for C compiler version
configure:2050: gcc --version </dev/null >&5
gcc (Ubuntu 13.3.0-6ubuntu2~24.04.1) 13.3.0
Copyright (C) 2023 Free Software Foundation, Inc.
This is free software; see the source for copying conditions.  There is NO
warranty; not even for MERCHANTABILITY or FITNESS FOR A PARTICULAR PURPOSE.

configure:2053: $? = 0
configure:2055: gcc -v </dev/null >&5
Using built-in specs.
COLLECT_GCC=gcc
COLLECT_LTO_WRAPPER=/usr/libexec/gcc/x86_64-linux-gnu/13/lto-wrapper
OFFLOAD_TARGET_NAMES=nvptx-none:amdgcn-amdhsa
OFFLOAD_TARGET_DEFAULT=1
Target: x86_64-linux-gnu
Configured with: ../src/configure -v --with-pkgversion='Ubuntu 13.3.0-6ubuntu2~24.04.1' --with-bugurl=file:///usr/share/doc/gcc-13/README.Bugs --enable-languages=c,ada,c++,go,d,fortran,objc,obj-c++,m2 --prefix=/usr --with-gcc-major-version-only --program-suffix=-13 --program-prefix=x86_64-linux-gnu- --enable-shared --enable-linker-build-id --libexecdir=/usr/libexec --without-included-gettext --enable-threads=posix --libdir=/usr/lib --enable-nls --enable-bootstrap --enable-clocale=gnu --enable-libstdcxx-debug --enable-libstdcxx-time=yes --with-default-libstdcxx-abi=new --enable-libstdcxx-backtrace --enable-gnu-unique-object --disable-vtable-verify --enable-plugin --enable-default-pie --with-system-zlib --enable-libphobos-checking=release --with-target-system-zlib=auto --enable-objc-gc=auto --enable-multiarch --disable-werror --enable-cet --with-arch-32=i686 --with-abi=m64 --with-multilib-list=m32,m64,mx32 --enable-multilib --with-tune=generic --enable-offload-targets=nvptx-none=/build/gcc-13-EldibY/gcc-13-13.3.0/debian/tmp-nvptx/usr,amdgcn-amdhsa=/build/gcc-13-EldibY/gcc-13-13.3.0/debian/tmp-gcn/usr --enable-offload-defaulted --without-cuda-driver --enable-checking=release --build=x86_64-linux-gnu --host=x86_64-linux-gnu --target=x86_64-linux-gnu --with-build-config=bootstrap-lto-lean --enable-link-serialization=2
Thread model: posix
Supported LTO compression algorithms: zlib zstd
gcc version 13.3.0 (Ubuntu 13.3.0-6ubuntu2~24.04.1) 
configure:2058: $? = 0
configure:2060: gcc -V </dev/null >&5
gcc: error: unrecognized command-line option '-V'
gcc: fatal error: no input files
compilation terminated.
configure:2063: $? = 1
configure:2082: gcc -o conftest -g -O2 -fcommon   conftest.c  >&5
configure:2085: $? = 0
configure:2119: checking for C compiler default output file name
configure:2122: gcc -g -O2 -fcommon   conftest.c  >&5
configure:2125: $? = 0
configure:2171: result: a.out
configure:2176: checking whether the C compiler works
configure:2182: ./a.out
configure:2185: $? = 0
configure:2202: result: yes
configure:2209: checking whether we are cross compiling
configure:2211: result: no
configure:2214: checking for suffix of executables
configure:2216: gcc -o conftest -g -O2 -fcommon   conftest.c  >&5
configure:2219: $? = 0
configure:2244: result: 
configure:2251: checking for suffix of object files
configure:2272: gcc -c -g -O2 -fcommon  conftest.c >&5
configure:2275: $? = 0
configure:2297: result: o
configure:2301: checking whether we are using the GNU C compiler
configure:2325: gcc -c -g -O2 -fcommon  conftest.c >&5
configure:2331: $? = 0
configure:2335: test -z 
			 || test ! -s conftest.err
configure:2338: $? = 0
configure:2341: test -s conftest.o
configure:2344: $? = 0
configure:2357: result: yes
configure:2363: checking whether gcc accepts -g
configure:2384: gcc -c -g  conftest.c >&5
configure:2390: $? = 0
configure:2394: test -z 
			 || test ! -s conftest.err
configure:2397: $? = 0
configure:2400: test -s conftest.o
configure:2403: $? = 0
configure:2414: result: yes
configure:2431: checking for gcc option to accept ANSI C
configure:2501: gcc  -c -g -O2 -fcommon  conftest.c >&5
configure:2507: $? = 0
configure:2511: test -z 
			 || test ! -s conftest.err
configure:2514: $? = 0
configure:2517: test -s conftest.o
configure:2520: $? = 0
configure:2538: result: none needed
configure:2556: gcc -c -g -O2 -fcommon  conftest.c >&5
conftest.c:2:3: error: unknown type name 'choke'
    2 |   choke me
      |   ^~~~~
conftest.c:2:3: error: expected '=', ',', ';', 'asm' or '__attribute__' at end of input
configure:2562: $? = 1
configure: failed program was:
| #ifndef __cplusplus
|   choke me
| #endif
configure:2700: checking how to run the C preprocessor
configure:2735: gcc -E  conftest.c
configure:2741: $? = 0
configure:2773: gcc -E  conftest.c
conftest.c:9:10: fatal error: ac_nonexistent.h: No such file or directory
    9 | #include <ac_nonexistent.h>
      |          ^~~~~~~~~~~~~~~~~~
compilation terminated.
configure:2779: $? = 1
configure: failed program was:
| /* confdefs.h.  */
| 
| #define PACKAGE_NAME ""
| #define PACKAGE_TARNAME ""
| #define PACKAGE_VERSION ""
| #define PACKAGE_STRING ""
| #define PACKAGE_BUGREPORT ""
| /* end confdefs.h.  */
| #include <ac_nonexistent.h>
configure:2818: result: gcc -E
configure:2842: gcc -E  conftest.c
configure:2848: $? = 0
configure:2880: gcc -E  conftest.c
conftest.c:9:10: fatal error: ac_nonexistent.h: No such file or directory
    9 | #include <ac_nonexistent.h>
      |          ^~~~~~~~~~~~~~~~~~
compilation terminated.
configure:2886: $? = 1
configure: failed program was:
| /* confdefs.h.  */
| 
| #define PACKAGE_NAME ""
| #define PACKAGE_TARNAME ""
| #define PACKAGE_VERSION ""
| #define PACKAGE_STRING ""
| #define PACKAGE_BUGREPORT ""
| /* end confdefs.h.  */
| #include <ac_nonexistent.h>
configure:2934: checking whether gcc accepts -Wc++-compat
configure:2950: gcc -c -Wc++-compat  conftest.c >&5
configure:2956: $? = 0
configure:2960: test -z 
			 || test ! -s conftest.err
configure:2963: $? = 0
configure:2966: test -s conftest.o
configure:2969: $? = 0
configure:2982: result: yes
configure:2995: checking whether gcc and cc understand -c and -o together
configure:3025: gcc -c conftest.c -o conftest.o >&5
configure:3028: $? = 0
configure:3030: gcc -c conftest.c -o conftest.o >&5
configure:3033: $? = 0
configure:3040: cc -c conftest.c >&5
configure:3043: $? = 0
configure:3046: cc -c conftest.c -o conftest.o >&5
configure:3049: $? = 0
configure:3051: cc -c conftest.c -o conftest.o >&5
configure:3054: $? = 0
configure:3072: result: yes
configure:3093: checking for an ANSI C-conforming const
configure:3160: gcc -c -g -O2 -fcommon  conftest.c >&5
configure:3166: $? = 0
configure:3170: test -z 
			 || test ! -s conftest.err
configure:3173: $? = 0
configure:3176: test -s conftest.o
configure:3179: $? = 0
configure:3190: result: yes
configure:3200: checking for inline
configure:3221: gcc -c -g -O2 -fcommon  conftest.c >&5
configure:3227: $? = 0
configure:3231: test -z 
			 || test ! -s conftest.err
configure:3234: $? = 0
configure:3237: test -s conftest.o
configure:3240: $? = 0
configure:3252: result: inline
configure:3271: checking whether byte ordering is bigendian
configure:3298: gcc -c -g -O2 -fcommon  conftest.c >&5
configure:3304: $? = 0
configure:3308: test -z 
			 || test ! -s conftest.err
configure:3311: $? = 0
configure:3314: test -s conftest.o
configure:3317: $? = 0
configure:3341: gcc -c -g -O2 -fcommon  conftest.c >&5
conftest.c: In function 'main':
conftest.c:16:2: error: unknown type name 'not'; did you mean 'ino_t'?
   16 |  not big endian
      |  ^~~
      |  ino_t
conftest.c:16:10: error: expected '=', ',', ';', 'asm' or '__attribute__' before 'endian'
   16 |  not big endian
      |          ^~~~~~
configure:3347: $? = 1
configure: failed program was:
| /* confdefs.h.  */
| 
| #define PACKAGE_NAME ""
| #define PACKAGE_TARNAME ""
| #define PACKAGE_VERSION ""
| #define PACKAGE_STRING ""
| #define PACKAGE_BUGREPORT ""
| /* end confdefs.h.  */
| #include <sys/types.h>
| #include <sys/param.h>
| 
| int
| main ()
| {
| #if BYTE_ORDER != BIG_ENDIAN
|  not big endian
| #endif
| 
|   ;
|   return 0;
| }
configure:3482: result: no
configure:3521: checking for a BSD-compatible install
configure:3576: result: /usr/bin/install -c
configure:3691: checking for sys/file.h
configure:3704: gcc -E  conftest.c
configure:3710: $? = 0
configure:3731: result: yes
configure:3691: checking for sys/param.h
configure:3704: gcc -E  conftest.c
configure:3710: $? = 0
configure:3731: result: yes
configure:3691: checking for limits.h
configure:3704: gcc -E  conftest.c
configure:3710: $? = 0
configure:3731: result: yes
configure:3691: checking for stdlib.h
configure:3704: gcc -E  conftest.c
configure:3710: $? = 0
configure:3731: result: yes
configure:3691: checking for malloc.h
configure:3704: gcc -E  conftest.c
configure:3710: $? = 0
configure:3731: result: yes
configure:3691: checking for string.h
configure:3704: gcc -E  conftest.c
configure:3710: $? = 0
configure:3731: result: yes
configure:3691: checking for unistd.h
configure:3704: gcc -E  conftest.c
configure:3710: $? = 0
configure:3731: result: yes
configure:3691: checking for strings.h
configure:3704: gcc -E  conftest.c
configure:3710: $? = 0
configure:3731: result: yes
configure:3691: checking for sys/time.h
configure:3704: gcc -E  conftest.c
configure:3710: $? = 0
configure:3731: result: yes
configure:3691: checking for time.h
configure:3704: gcc -E  conftest.c
configure:3710: $? = 0
configure:3731: result: yes
configure:3691: checking for sys/resource.h
configure:3704: gcc -E  conftest.c
configure:3710: $? = 0
configure:3731: result: yes
configure:3691: checking for sys/stat.h
configure:3704: gcc -E  conftest.c
configure:3710: $? = 0
configure:3731: result: yes
configure:3691: checking for sys/mman.h
configure:3704: gcc -E  conftest.c
configure:3710: $? = 0
configure:3731: result: yes
configure:3691: checking for fcntl.h
configure:3704: gcc -E  conftest.c
configure:3710: $? = 0
configure:3731: result: yes
configure:3691: checking for alloca.h
configure:3704: gcc -E  conftest.c
configure:3710: $? = 0
configure:3731: result: yes
configure:3691: checking for sys/pstat.h
configure:3704: gcc -E  conftest.c
conftest.c:24:10: fatal error: sys/pstat.h: No such file or directory
   24 | #include <sys/pstat.h>
      |          ^~~~~~~~~~~~~
compilation terminated.
configure:3710: $? = 1
configure: failed program was:
| /* confdefs.h.  */
| 
| #define PACKAGE_NAME ""
| #define PACKAGE_TARNAME ""
| #define PACKAGE_VERSION ""
| #define PACKAGE_STRING ""
| #define PACKAGE_BUGREPORT ""
| #define HAVE_SYS_FILE_H 1
| #define HAVE_SYS_PARAM_H 1
| #define HAVE_LIMITS_H 1
| #define HAVE_STDLIB_H 1
| #define HAVE_MALLOC_H 1
| #define HAVE_STRING_H 1
| #define HAVE_UNISTD_H 1
| #define HAVE_STRINGS_H 1
| #define HAVE_SYS_TIME_H 1
| #define HAVE_TIME_H 1
| #define HAVE_SYS_RESOURCE_H 1
| #define HAVE_SYS_STAT_H 1
| #define HAVE_SYS_MMAN_H 1
| #define HAVE_FCNTL_H 1
| #define HAVE_ALLOCA_H 1
| /* end confdefs.h.  */
| #include <sys/pstat.h>
configure:3731: result: no
configure:3691: checking for sys/sysmp.h
configure:3704: gcc -E  conftest.c
conftest.c:24:10: fatal error: sys/sysmp.h: No such file or directory
   24 | #include <sys/sysmp.h>
      |          ^~~~~~~~~~~~~
compilation terminated.
configure:3710: $? = 1
configure: failed program was:
| /* confdefs.h.  */
| 
| #define PACKAGE_NAME ""
| #define PACKAGE_TARNAME ""
| #define PACKAGE_VERSION ""
| #define PACKAGE_STRING ""
| #define PACKAGE_BUGREPORT ""
| #define HAVE_SYS_FILE_H 1
| #define HAVE_SYS_PARAM_H 1
| #define HAVE_LIMITS_H 1
| #define HAVE_STDLIB_H 1
| #define HAVE_MALLOC_H 1
| #define HAVE_STRING_H 1
| #define HAVE_UNISTD_H 1
| #define HAVE_STRINGS_H 1
| #define HAVE_SYS_TIME_H 1
| #define HAVE_TIME_H 1
| #define HAVE_SYS_RESOURCE_H 1
| #define HAVE_SYS_STAT_H 1
| #define HAVE_SYS_MMAN_H 1
| #define HAVE_FCNTL_H 1
| #define HAVE_ALLOCA_H 1
| /* end confdefs.h.  */
| #include <sys/sysmp.h>
configure:3731: result: no
configure:3691: checking for sys/sysinfo.h
configure:3704: gcc -E  conftest.c
configure:3710: $? = 0
configure:3731: result: yes
configure:3691: checking for machine/hal_sysinfo.h
configure:3704: gcc -E  conftest.c
conftest.c:25:10: fatal error: machine/hal_sysinfo.h: No such file or directory
   25 | #include <machine/hal_sysinfo.h>
      |          ^~~~~~~~~~~~~~~~~~~~~~~
compilation terminated.
configure:3710: $? = 1
configure: failed program was:
| /* confdefs.h.  */
| 
| #define PACKAGE_NAME ""
| #define PACKAGE_TARNAME ""
| #define PACKAGE_VERSION ""
| #define PACKAGE_STRING ""
| #define PACKAGE_BUGREPORT ""
| #define HAVE_SYS_FILE_H 1
| #define HAVE_SYS_PARAM_H 1
| #define HAVE_LIMITS_H 1
| #define HAVE_STDLIB_H 1
| #define HAVE_MALLOC_H 1
| #define HAVE_STRING_H 1
| #define HAVE_UNISTD_H 1
| #define HAVE_STRINGS_H 1
| #define HAVE_SYS_TIME_H 1
| #define HAVE_TIME_H 1
| #define HAVE_SYS_RESOURCE_H 1
| #define HAVE_SYS_STAT_H 1
| #define HAVE_SYS_MMAN_H 1
| #define HAVE_FCNTL_H 1
| #define HAVE_ALLOCA_H 1
| #define HAVE_SYS_SYSINFO_H 1
| /* end confdefs.h.  */
| #include <machine/hal_sysinfo.h>
configure:3731: result: no
configure:3691: checking for sys/table.h
configure:3704: gcc -E  conftest.c
conftest.c:25:10: fatal error: sys/table.h: No such file or directory
   25 | #include <sys/table.h>
      |          ^~~~~~~~~~~~~
compilation terminated.
configure:3710: $? = 1
configure: failed program was:
| /* confdefs.h.  */
| 
| #define PACKAGE_NAME ""
| #define PACKAGE_TARNAME ""
| #define PACKAGE_VERSION ""
| #define PACKAGE_STRING ""
| #define PACKAGE_BUGREPORT ""
| #define HAVE_SYS_FILE_H 1
| #define HAVE_SYS_PARAM_H 1
| #define HAVE_LIMITS_H 1
| #define HAVE_STDLIB_H 1
| #define HAVE_MALLOC_H 1
| #define HAVE_STRING_H 1
| #define HAVE_UNISTD_H 1
| #define HAVE_STRINGS_H 1
| #define HAVE_SYS_TIME_H 1
| #define HAVE_TIME_H 1
| #define HAVE_SYS_RESOURCE_H 1
| #define HAVE_SYS_STAT_H 1
| #define HAVE_SYS_MMAN_H 1
| #define HAVE_FCNTL_H 1
| #define HAVE_ALLOCA_H 1
| #define HAVE_SYS_SYSINFO_H 1
| /* end confdefs.h.  */
| #include <sys/table.h>
configure:3731: result: no
configure:3691: checking for sys/sysctl.h
configure:3704: gcc -E  conftest.c
conftest.c:25:10: fatal error: sys/sysctl.h: No such file or directory
   25 | #include <sys/sysctl.h>
      |          ^~~~~~~~~~~~~~
compilation terminated.
configure:3710: $? = 1
configure: failed program was:
| /* confdefs.h.  */
| 
| #define PACKAGE_NAME ""
| #define PACKAGE_TARNAME ""
| #define PACKAGE_VERSION ""
| #define PACKAGE_STRING ""
| #define PACKAGE_BUGREPORT ""
| #define HAVE_SYS_FILE_H 1
| #define HAVE_SYS_PARAM_H 1
| #define HAVE_LIMITS_H 1
| #define HAVE_STDLIB_H 1
| #define HAVE_MALLOC_H 1
| #define HAVE_STRING_H 1
| #define HAVE_UNISTD_H 1
| #define HAVE_STRINGS_H 1
| #define HAVE_SYS_TIME_H 1
| #define HAVE_TIME_H 1
| #define HAVE_SYS_RESOURCE_H 1
| #define HAVE_SYS_STAT_H 1
| #define HAVE_SYS_MMAN_H 1
| #define HAVE_FCNTL_H 1
| #define HAVE_ALLOCA_H 1
| #define HAVE_SYS_SYSINFO_H 1
| /* end confdefs.h.  */
| #include <sys/sysctl.h>
configure:3731: result: no
configure:3691: checking for sys/systemcfg.h
configure:3704: gcc -E  conftest.c
conftest.c:25:10: fatal error: sys/systemcfg.h: No such file or directory
   25 | #include <sys/systemcfg.h>
      |          ^~~~~~~~~~~~~~~~~
compilation terminated.
configure:3710: $? = 1
configure: failed program was:
| /* confdefs.h.  */
| 
| #define PACKAGE_NAME ""
| #define PACKAGE_TARNAME ""
| #define PACKAGE_VERSION ""
| #define PACKAGE_STRING ""
| #define PACKAGE_BUGREPORT ""
| #define HAVE_SYS_FILE_H 1
| #define HAVE_SYS_PARAM_H 1
| #define HAVE_LIMITS_H 1
| #define HAVE_STDLIB_H 1
| #define HAVE_MALLOC_H 1
| #define HAVE_STRING_H 1
| #define HAVE_UNISTD_H 1
| #define HAVE_STRINGS_H 1
| #define HAVE_SYS_TIME_H 1
| #define HAVE_TIME_H 1
| #define HAVE_SYS_RESOURCE_H 1
| #define HAVE_SYS_STAT_H 1
| #define HAVE_SYS_MMAN_H 1
| #define HAVE_FCNTL_H 1
| #define HAVE_ALLOCA_H 1
| #define HAVE_SYS_SYSINFO_H 1
| /* end confdefs.h.  */
| #include <sys/systemcfg.h>
configure:3731: result: no
configure:3691: checking for stdint.h
configure:3704: gcc -E  conftest.c
configure:3710: $? = 0
configure:3731: result: yes
configure:3691: checking for stdio_ext.h
configure:3704: gcc -E  conftest.c
configure:3710: $? = 0
configure:3731: result: yes
configure:3741: checking for sys/wait.h that is POSIX.1 compatible
configure:3772: gcc -c -g -O2 -fcommon  conftest.c >&5
configure:3778: $? = 0
configure:3782: test -z 
			 || test ! -s conftest.err
configure:3785: $? = 0
configure:3788: test -s conftest.o
configure:3791: $? = 0
configure:3802: result: yes
configure:3812: checking whether time.h and sys/time.h may both be included
configure:3837: gcc -c -g -O2 -fcommon  conftest.c >&5
configure:3843: $? = 0
configure:3847: test -z 
			 || test ! -s conftest.err
configure:3850: $? = 0
configure:3853: test -s conftest.o
configure:3856: $? = 0
configure:3867: result: yes
configure:3878: checking whether errno must be declared
configure:3899: gcc -c -g -O2 -fcommon  conftest.c >&5
configure:3905: $? = 0
configure:3909: test -z 
			 || test ! -s conftest.err
configure:3912: $? = 0
configure:3915: test -s conftest.o
configure:3918: $? = 0
configure:3929: result: no
configure:3941: checking for egrep
configure:3951: result: grep -E
configure:3956: checking for ANSI C header files
configure:3981: gcc -c -g -O2 -fcommon  conftest.c >&5
configure:3987: $? = 0
configure:3991: test -z 
			 || test ! -s conftest.err
configure:3994: $? = 0
configure:3997: test -s conftest.o
configure:4000: $? = 0
configure:4089: gcc -o conftest -g -O2 -fcommon   conftest.c  >&5
conftest.c: In function 'main':
conftest.c:46:7: warning: implicit declaration of function 'exit' [-Wimplicit-function-declaration]
   46 |       exit(2);
      |       ^~~~
conftest.c:30:1: note: include '<stdlib.h>' or provide a declaration of 'exit'
   29 | #include <ctype.h>
  +++ |+#include <stdlib.h>
   30 | #if ((' ' & 0x0FF) == 0x020)
conftest.c:46:7: warning: incompatible implicit declaration of built-in function 'exit' [-Wbuiltin-declaration-mismatch]
   46 |       exit(2);
      |       ^~~~
conftest.c:46:7: note: include '<stdlib.h>' or provide a declaration of 'exit'
conftest.c:47:3: warning: incompatible implicit declaration of built-in function 'exit' [-Wbuiltin-declaration-mismatch]
   47 |   exit (0);
      |   ^~~~
conftest.c:47:3: note: include '<stdlib.h>' or provide a declaration of 'exit'
configure:4092: $? = 0
configure:4094: ./conftest
configure:4097: $? = 0
configure:4112: result: yes
configure:4136: checking for sys/types.h
configure:4149: gcc -E  conftest.c
configure:4155: $? = 0
configure:4176: result: yes
configure:4136: checking for sys/stat.h
configure:4176: result: yes
configure:4136: checking for stdlib.h
configure:4176: result: yes
configure:4136: checking for string.h
configure:4176: result: yes
configure:4136: checking for memory.h
configure:4149: gcc -E  conftest.c
configure:4155: $? = 0
configure:4176: result: yes
configure:4136: checking for strings.h
configure:4176: result: yes
configure:4136: checking for inttypes.h
configure:4149: gcc -E  conftest.c
configure:4155: $? = 0
configure:4176: result: yes
configure:4136: checking for stdint.h
configure:4176: result: yes
configure:4136: checking for unistd.h
configure:4176: result: yes
configure:4187: checking for int
configure:4211: gcc -c -g -O2 -fcommon  conftest.c >&5
configure:4217: $? = 0
configure:4221: test -z 
			 || test ! -s conftest.err
configure:4224: $? = 0
configure:4227: test -s conftest.o
configure:4230: $? = 0
configure:4241: result: yes
configure:4244: checking size of int
configure:4563: gcc -o conftest -g -O2 -fcommon   conftest.c  >&5
configure:4566: $? = 0
configure:4568: ./conftest
configure:4571: $? = 0
configure:4594: result: 4
configure:4602: checking for uintptr_t
configure:4626: gcc -c -g -O2 -fcommon  conftest.c >&5
configure:4632: $? = 0
configure:4636: test -z 
			 || test ! -s conftest.err
configure:4639: $? = 0
configure:4642: test -s conftest.o
configure:4645: $? = 0
configure:4656: result: yes
configure:4670: checking for a 64-bit type
configure:4693: gcc -c -g -O2 -fcommon  conftest.c >&5
configure:4699: $? = 0
configure:4703: test -z 
			 || test ! -s conftest.err
configure:4706: $? = 0
configure:4709: test -s conftest.o
configure:4712: $? = 0
configure:4822: result: uint64_t
configure:4841: checking for pid_t
configure:4865: gcc -c -g -O2 -fcommon  conftest.c >&5
configure:4871: $? = 0
configure:4875: test -z 
			 || test ! -s conftest.err
configure:4878: $? = 0
configure:4881: test -s conftest.o
configure:4884: $? = 0
configure:4895: result: yes
configure:5915: checking for library containing strerror
configure:5950: gcc -o conftest -g -O2 -fcommon   conftest.c  >&5
configure:5956: $? = 0
configure:5960: test -z 
			 || test ! -s conftest.err
configure:5963: $? = 0
configure:5966: test -s conftest
configure:5969: $? = 0
configure:6044: result: none required
configure:6055: checking for asprintf
configure:6111: gcc -o conftest -g -O2 -fcommon   conftest.c  >&5
configure:6117: $? = 0
configure:6121: test -z 
			 || test ! -s conftest.err
configure:6124: $? = 0
configure:6127: test -s conftest
configure:6130: $? = 0
configure:6142: result: yes
configure:6055: checking for atexit
configure:6111: gcc -o conftest -g -O2 -fcommon   conftest.c  >&5
configure:6117: $? = 0
configure:6121: test -z 
			 || test ! -s conftest.err
configure:6124: $? = 0
configure:6127: test -s conftest
configure:6130: $? = 0
configure:6142: result: yes
configure:6055: checking for basename
configure:6111: gcc -o conftest -g -O2 -fcommon   conftest.c  >&5
configure:6117: $? = 0
configure:6121: test -z 
			 || test ! -s conftest.err
configure:6124: $? = 0
configure:6127: test -s conftest
configure:6130: $? = 0
configure:6142: result: yes
configure:6055: checking for bcmp
configure:6111: gcc -o conftest -g -O2 -fcommon   conftest.c  >&5
conftest.c:63:6: warning: conflicting types for built-in function 'bcmp'; expected 'int(const void *, const void *, long unsigned int)' [-Wbuiltin-declaration-mismatch]
   63 | char bcmp ();
      |      ^~~~
configure:6117: $? = 0
configure:6121: test -z 
			 || test ! -s conftest.err
configure:6124: $? = 0
configure:6127: test -s conftest
configure:6130: $? = 0
configure:6142: result: yes
configure:6055: checking for bcopy
configure:6111: gcc -o conftest -g -O2 -fcommon   conftest.c  >&5
conftest.c:64:6: warning: conflicting types for built-in function 'bcopy'; expected 'void(const void *, void *, long unsigned int)' [-Wbuiltin-declaration-mismatch]
   64 | char bcopy ();
      |      ^~~~~
configure:6117: $? = 0
configure:6121: test -z 
			 || test ! -s conftest.err
configure:6124: $? = 0
configure:6127: test -s conftest
configure:6130: $? = 0
configure:6142: result: yes
configure:6055: checking for bsearch
configure:6111: gcc -o conftest -g -O2 -fcommon   conftest.c  >&5
configure:6117: $? = 0
configure:6121: test -z 
			 || test ! -s conftest.err
configure:6124: $? = 0
configure:6127: test -s conftest
configure:6130: $? = 0
configure:6142: result: yes
configure:6055: checking for bzero
configure:6111: gcc -o conftest -g -O2 -fcommon   conftest.c  >&5
conftest.c:66:6: warning: conflicting types for built-in function 'bzero'; expected 'void(void *, long unsigned int)' [-Wbuiltin-declaration-mismatch]
   66 | char bzero ();
      |      ^~~~~
configure:6117: $? = 0
configure:6121: test -z 
			 || test ! -s conftest.err
configure:6124: $? = 0
configure:6127: test -s conftest
configure:6130: $? = 0
configure:6142: result: yes
configure:6055: checking for calloc
configure:6111: gcc -o conftest -g -O2 -fcommon   conftest.c  >&5
conftest.c:67:6: warning: conflicting types for built-in function 'calloc'; expected 'void *(long unsigned int,  long unsigned int)' [-Wbuiltin-declaration-mismatch]
   67 | char calloc ();
      |      ^~~~~~
conftest.c:57:1: note: 'calloc' is declared in header '<stdlib.h>'
   56 | # include <limits.h>
   57 | #else
configure:6117: $? = 0
configure:6121: test -z 
			 || test ! -s conftest.err
configure:6124: $? = 0
configure:6127: test -s conftest
configure:6130: $? = 0
configure:6142: result: yes
configure:6055: checking for clock
configure:6111: gcc -o conftest -g -O2 -fcommon   conftest.c  >&5
configure:6117: $? = 0
configure:6121: test -z 
			 || test ! -s conftest.err
configure:6124: $? = 0
configure:6127: test -s conftest
configure:6130: $? = 0
configure:6142: result: yes
configure:6055: checking for ffs
configure:6111: gcc -o conftest -g -O2 -fcommon   conftest.c  >&5
conftest.c:69:6: warning: conflicting types for built-in function 'ffs'; expected 'int(int)' [-Wbuiltin-declaration-mismatch]
   69 | char ffs ();
      |      ^~~
configure:6117: $? = 0
configure:6121: test -z 
			 || test ! -s conftest.err
configure:6124: $? = 0
configure:6127: test -s conftest
configure:6130: $? = 0
configure:6142: result: yes
configure:6055: checking for getcwd
configure:6111: gcc -o conftest -g -O2 -fcommon   conftest.c  >&5
configure:6117: $? = 0
configure:6121: test -z 
			 || test ! -s conftest.err
configure:6124: $? = 0
configure:6127: test -s conftest
configure:6130: $? = 0
configure:6142: result: yes
configure:6055: checking for getpagesize
configure:6111: gcc -o conftest -g -O2 -fcommon   conftest.c  >&5
configure:6117: $? = 0
configure:6121: test -z 
			 || test ! -s conftest.err
configure:6124: $? = 0
configure:6127: test -s conftest
configure:6130: $? = 0
configure:6142: result: yes
configure:6055: checking for gettimeofday
configure:6111: gcc -o conftest -g -O2 -fcommon   conftest.c  >&5
configure:6117: $? = 0
configure:6121: test -z 
			 || test ! -s conftest.err
configure:6124: $? = 0
configure:6127: test -s conftest
configure:6130: $? = 0
configure:6142: result: yes
configure:6055: checking for index
configure:6111: gcc -o conftest -g -O2 -fcommon   conftest.c  >&5
conftest.c:73:6: warning: conflicting types for built-in function 'index'; expected 'char *(const char *, int)' [-Wbuiltin-declaration-mismatch]
   73 | char index ();
      |      ^~~~~
configure:6117: $? = 0
configure:6121: test -z 
			 || test ! -s conftest.err
configure:6124: $? = 0
configure:6127: test -s conftest
configure:6130: $? = 0
configure:6142: result: yes
configure:6055: checking for insque
configure:6111: gcc -o conftest -g -O2 -fcommon   conftest.c  >&5
configure:6117: $? = 0
configure:6121: test -z 
			 || test ! -s conftest.err
configure:6124: $? = 0
configure:6127: test -s conftest
configure:6130: $? = 0
configure:6142: result: yes
configure:6055: checking for memchr
configure:6111: gcc -o conftest -g -O2 -fcommon   conftest.c  >&5
conftest.c:75:6: warning: conflicting types for built-in function 'memchr'; expected 'void *(const void *, int,  long unsigned int)' [-Wbuiltin-declaration-mismatch]
   75 | char memchr ();
      |      ^~~~~~
conftest.c:65:1: note: 'memchr' is declared in header '<string.h>'
   64 | # include <limits.h>
   65 | #else
configure:6117: $? = 0
configure:6121: test -z 
			 || test ! -s conftest.err
configure:6124: $? = 0
configure:6127: test -s conftest
configure:6130: $? = 0
configure:6142: result: yes
configure:6055: checking for memcmp
configure:6111: gcc -o conftest -g -O2 -fcommon   conftest.c  >&5
conftest.c:76:6: warning: conflicting types for built-in function 'memcmp'; expected 'int(const void *, const void *, long unsigned int)' [-Wbuiltin-declaration-mismatch]
   76 | char memcmp ();
      |      ^~~~~~
conftest.c:66:1: note: 'memcmp' is declared in header '<string.h>'
   65 | # include <limits.h>
   66 | #else
configure:6117: $? = 0
configure:6121: test -z 
			 || test ! -s conftest.err
configure:6124: $? = 0
configure:6127: test -s conftest
configure:6130: $? = 0
configure:6142: result: yes
configure:6055: checking for memcpy
configure:6111: gcc -o conftest -g -O2 -fcommon   conftest.c  >&5
conftest.c:77:6: warning: conflicting types for built-in function 'memcpy'; expected 'void *(void *, const void *, long unsigned int)' [-Wbuiltin-declaration-mismatch]
   77 | char memcpy ();
      |      ^~~~~~
conftest.c:67:1: note: 'memcpy' is declared in header '<string.h>'
   66 | # include <limits.h>
   67 | #else
configure:6117: $? = 0
configure:6121: test -z 
			 || test ! -s conftest.err
configure:6124: $? = 0
configure:6127: test -s conftest
configure:6130: $? = 0
configure:6142: result: yes
configure:6055: checking for memmove
configure:6111: gcc -o conftest -g -O2 -fcommon   conftest.c  >&5
conftest.c:78:6: warning: conflicting types for built-in function 'memmove'; expected 'void *(void *, const void *, long unsigned int)' [-Wbuiltin-declaration-mismatch]
   78 | char memmove ();
      |      ^~~~~~~
conftest.c:68:1: note: 'memmove' is declared in header '<string.h>'
   67 | # include <limits.h>
   68 | #else
configure:6117: $? = 0
configure:6121: test -z 
			 || test ! -s conftest.err
configure:6124: $? = 0
configure:6127: test -s conftest
configure:6130: $? = 0
configure:6142: result: yes
configure:6055: checking for mempcpy
configure:6111: gcc -o conftest -g -O2 -fcommon   conftest.c  >&5
conftest.c:79:6: warning: conflicting types for built-in function 'mempcpy'; expected 'void *(void *, const void *, long unsigned int)' [-Wbuiltin-declaration-mismatch]
   79 | char mempcpy ();
      |      ^~~~~~~
configure:6117: $? = 0
configure:6121: test -z 
			 || test ! -s conftest.err
configure:6124: $? = 0
configure:6127: test -s conftest
configure:6130: $? = 0
configure:6142: result: yes
configure:6055: checking for memset
configure:6111: gcc -o conftest -g -O2 -fcommon   conftest.c  >&5
conftest.c:80:6: warning: conflicting types for built-in function 'memset'; expected 'void *(void *, int,  long unsigned int)' [-Wbuiltin-declaration-mismatch]
   80 | char memset ();
      |      ^~~~~~
conftest.c:70:1: note: 'memset' is declared in header '<string.h>'
   69 | # include <limits.h>
   70 | #else
configure:6117: $? = 0
configure:6121: test -z 
			 || test ! -s conftest.err
configure:6124: $? = 0
configure:6127: test -s conftest
configure:6130: $? = 0
configure:6142: result: yes
configure:6055: checking for mkstemps
configure:6111: gcc -o conftest -g -O2 -fcommon   conftest.c  >&5
configure:6117: $? = 0
configure:6121: test -z 
			 || test ! -s conftest.err
configure:6124: $? = 0
configure:6127: test -s conftest
configure:6130: $? = 0
configure:6142: result: yes
configure:6055: checking for putenv
configure:6111: gcc -o conftest -g -O2 -fcommon   conftest.c  >&5
configure:6117: $? = 0
configure:6121: test -z 
			 || test ! -s conftest.err
configure:6124: $? = 0
configure:6127: test -s conftest
configure:6130: $? = 0
configure:6142: result: yes
configure:6055: checking for random
configure:6111: gcc -o conftest -g -O2 -fcommon   conftest.c  >&5
configure:6117: $? = 0
configure:6121: test -z 
			 || test ! -s conftest.err
configure:6124: $? = 0
configure:6127: test -s conftest
configure:6130: $? = 0
configure:6142: result: yes
configure:6055: checking for rename
configure:6111: gcc -o conftest -g -O2 -fcommon   conftest.c  >&5
configure:6117: $? = 0
configure:6121: test -z 
			 || test ! -s conftest.err
configure:6124: $? = 0
configure:6127: test -s conftest
configure:6130: $? = 0
configure:6142: result: yes
configure:6055: checking for rindex
configure:6111: gcc -o conftest -g -O2 -fcommon   conftest.c  >&5
conftest.c:85:6: warning: conflicting types for built-in function 'rindex'; expected 'char *(const char *, int)' [-Wbuiltin-declaration-mismatch]
   85 | char rindex ();
      |      ^~~~~~
configure:6117: $? = 0
configure:6121: test -z 
			 || test ! -s conftest.err
configure:6124: $? = 0
configure:6127: test -s conftest
configure:6130: $? = 0
configure:6142: result: yes
configure:6055: checking for setenv
configure:6111: gcc -o conftest -g -O2 -fcommon   conftest.c  >&5
configure:6117: $? = 0
configure:6121: test -z 
			 || test ! -s conftest.err
configure:6124: $? = 0
configure:6127: test -s conftest
configure:6130: $? = 0
configure:6142: result: yes
configure:6055: checking for snprintf
configure:6111: gcc -o conftest -g -O2 -fcommon   conftest.c  >&5
conftest.c:87:6: warning: conflicting types for built-in function 'snprintf'; expected 'int(char *, long unsigned int,  const char *, ...)' [-Wbuiltin-declaration-mismatch]
   87 | char snprintf ();
      |      ^~~~~~~~
conftest.c:77:1: note: 'snprintf' is declared in header '<stdio.h>'
   76 | # include <limits.h>
   77 | #else
configure:6117: $? = 0
configure:6121: test -z 
			 || test ! -s conftest.err
configure:6124: $? = 0
configure:6127: test -s conftest
configure:6130: $? = 0
configure:6142: result: yes
configure:6055: checking for sigsetmask
configure:6111: gcc -o conftest -g -O2 -fcommon   conftest.c  >&5
configure:6117: $? = 0
configure:6121: test -z 
			 || test ! -s conftest.err
configure:6124: $? = 0
configure:6127: test -s conftest
configure:6130: $? = 0
configure:6142: result: yes
configure:6055: checking for stpcpy
configure:6111: gcc -o conftest -g -O2 -fcommon   conftest.c  >&5
conftest.c:89:6: warning: conflicting types for built-in function 'stpcpy'; expected 'char *(char *, const char *)' [-Wbuiltin-declaration-mismatch]
   89 | char stpcpy ();
      |      ^~~~~~
configure:6117: $? = 0
configure:6121: test -z 
			 || test ! -s conftest.err
configure:6124: $? = 0
configure:6127: test -s conftest
configure:6130: $? = 0
configure:6142: result: yes
configure:6055: checking for stpncpy
configure:6111: gcc -o conftest -g -O2 -fcommon   conftest.c  >&5
conftest.c:90:6: warning: conflicting types for built-in function 'stpncpy'; expected 'char *(char *, const char *, long unsigned int)' [-Wbuiltin-declaration-mismatch]
   90 | char stpncpy ();
      |      ^~~~~~~
configure:6117: $? = 0
configure:6121: test -z 
			 || test ! -s conftest.err
configure:6124: $? = 0
configure:6127: test -s conftest
configure:6130: $? = 0
configure:6142: result: yes
configure:6055: checking for strcasecmp
configure:6111: gcc -o conftest -g -O2 -fcommon   conftest.c  >&5
conftest.c:91:6: warning: conflicting types for built-in function 'strcasecmp'; expected 'int(const char *, const char *)' [-Wbuiltin-declaration-mismatch]
   91 | char strcasecmp ();
      |      ^~~~~~~~~~
configure:6117: $? = 0
configure:6121: test -z 
			 || test ! -s conftest.err
configure:6124: $? = 0
configure:6127: test -s conftest
configure:6130: $? = 0
configure:6142: result: yes
configure:6055: checking for strchr
configure:6111: gcc -o conftest -g -O2 -fcommon   conftest.c  >&5
conftest.c:92:6: warning: conflicting types for built-in function 'strchr'; expected 'char *(const char *, int)' [-Wbuiltin-declaration-mismatch]
   92 | char strchr ();
      |      ^~~~~~
conftest.c:82:1: note: 'strchr' is declared in header '<string.h>'
   81 | # include <limits.h>
   82 | #else
configure:6117: $? = 0
configure:6121: test -z 
			 || test ! -s conftest.err
configure:6124: $? = 0
configure:6127: test -s conftest
configure:6130: $? = 0
configure:6142: result: yes
configure:6055: checking for strdup
configure:6111: gcc -o conftest -g -O2 -fcommon   conftest.c  >&5
conftest.c:93:6: warning: conflicting types for built-in function 'strdup'; expected 'char *(const char *)' [-Wbuiltin-declaration-mismatch]
   93 | char strdup ();
      |      ^~~~~~
configure:6117: $? = 0
configure:6121: test -z 
			 || test ! -s conftest.err
configure:6124: $? = 0
configure:6127: test -s conftest
configure:6130: $? = 0
configure:6142: result: yes
configure:6055: checking for strncasecmp
configure:6111: gcc -o conftest -g -O2 -fcommon   conftest.c  >&5
conftest.c:94:6: warning: conflicting types for built-in function 'strncasecmp'; expected 'int(const char *, const char *, long unsigned int)' [-Wbuiltin-declaration-mismatch]
   94 | char strncasecmp ();
      |      ^~~~~~~~~~~
configure:6117: $? = 0
configure:6121: test -z 
			 || test ! -s conftest.err
configure:6124: $? = 0
configure:6127: test -s conftest
configure:6130: $? = 0
configure:6142: result: yes
configure:6055: checking for strndup
configure:6111: gcc -o conftest -g -O2 -fcommon   conftest.c  >&5
conftest.c:95:6: warning: conflicting types for built-in function 'strndup'; expected 'char *(const char *, long unsigned int)' [-Wbuiltin-declaration-mismatch]
   95 | char strndup ();
      |      ^~~~~~~
configure:6117: $? = 0
configure:6121: test -z 
			 || test ! -s conftest.err
configure:6124: $? = 0
configure:6127: test -s conftest
configure:6130: $? = 0
configure:6142: result: yes
configure:6055: checking for strrchr
configure:6111: gcc -o conftest -g -O2 -fcommon   conftest.c  >&5
conftest.c:96:6: warning: conflicting types for built-in function 'strrchr'; expected 'char *(const char *, int)' [-Wbuiltin-declaration-mismatch]
   96 | char strrchr ();
      |      ^~~~~~~
conftest.c:86:1: note: 'strrchr' is declared in header '<string.h>'
   85 | # include <limits.h>
   86 | #else
configure:6117: $? = 0
configure:6121: test -z 
			 || test ! -s conftest.err
configure:6124: $? = 0
configure:6127: test -s conftest
configure:6130: $? = 0
configure:6142: result: yes
configure:6055: checking for strstr
configure:6111: gcc -o conftest -g -O2 -fcommon   conftest.c  >&5
conftest.c:97:6: warning: conflicting types for built-in function 'strstr'; expected 'char *(const char *, const char *)' [-Wbuiltin-declaration-mismatch]
   97 | char strstr ();
      |      ^~~~~~
conftest.c:87:1: note: 'strstr' is declared in header '<string.h>'
   86 | # include <limits.h>
   87 | #else
configure:6117: $? = 0
configure:6121: test -z 
			 || test ! -s conftest.err
configure:6124: $? = 0
configure:6127: test -s conftest
configure:6130: $? = 0
configure:6142: result: yes
configure:6055: checking for strtod
configure:6111: gcc -o conftest -g -O2 -fcommon   conftest.c  >&5
configure:6117: $? = 0
configure:6121: test -z 
			 || test ! -s conftest.err
configure:6124: $? = 0
configure:6127: test -s conftest
configure:6130: $? = 0
configure:6142: result: yes
configure:6055: checking for strtol
configure:6111: gcc -o conftest -g -O2 -fcommon   conftest.c  >&5
configure:6117: $? = 0
configure:6121: test -z 
			 || test ! -s conftest.err
configure:6124: $? = 0
configure:6127: test -s conftest
configure:6130: $? = 0
configure:6142: result: yes
configure:6055: checking for strtoul
configure:6111: gcc -o conftest -g -O2 -fcommon   conftest.c  >&5
configure:6117: $? = 0
configure:6121: test -z 
			 || test ! -s conftest.err
configure:6124: $? = 0
configure:6127: test -s conftest
configure:6130: $? = 0
configure:6142: result: yes
configure:6055: checking for strverscmp
configure:6111: gcc -o conftest -g -O2 -fcommon   conftest.c  >&5
configure:6117: $? = 0
configure:6121: test -z 
			 || test ! -s conftest.err
configure:6124: $? = 0
configure:6127: test -s conftest
configure:6130: $? = 0
configure:6142: result: yes
configure:6055: checking for tmpnam
configure:6111: gcc -o conftest -g -O2 -fcommon   conftest.c  >&5
/usr/bin/ld: /tmp/ccOKmjyg.o: in function `main':
/home/runner/work/binutils217/binutils217/libiberty/conftest.c:118:(.text.startup+0x7): warning: the use of `tmpnam' is dangerous, better use `mkstemp'
configure:6117: $? = 0
configure:6121: test -z 
			 || test ! -s conftest.err
configure:6124: $? = 0
configure:6127: test -s conftest
configure:6130: $? = 0
configure:6142: result: yes
configure:6055: checking for vasprintf
configure:6111: gcc -o conftest -g -O2 -fcommon   conftest.c  >&5
configure:6117: $? = 0
configure:6121: test -z 
			 || test ! -s conftest.err
configure:6124: $? = 0
configure:6127: test -s conftest
configure:6130: $? = 0
configure:6142: result: yes
configure:6055: checking for vfprintf
configure:6111: gcc -o conftest -g -O2 -fcommon   conftest.c  >&5
conftest.c:104:6: warning: conflicting types for built-in function 'vfprintf'; expected 'int(void *, const char *, __va_list_tag *)' [-Wbuiltin-declaration-mismatch]
  104 | char vfprintf ();
      |      ^~~~~~~~
conftest.c:94:1: note: 'vfprintf' is declared in header '<stdio.h>'
   93 | # include <limits.h>
   94 | #else
configure:6117: $? = 0
configure:6121: test -z 
			 || test ! -s conftest.err
configure:6124: $? = 0
configure:6127: test -s conftest
configure:6130: $? = 0
configure:6142: result: yes
configure:6055: checking for vprintf
configure:6111: gcc -o conftest -g -O2 -fcommon   conftest.c  >&5
conftest.c:105:6: warning: conflicting types for built-in function 'vprintf'; expected 'int(const char *, __va_list_tag *)' [-Wbuiltin-declaration-mismatch]
  105 | char vprintf ();
      |      ^~~~~~~
conftest.c:95:1: note: 'vprintf' is declared in header '<stdio.h>'
   94 | # include <limits.h>
   95 | #else
configure:6117: $? = 0
configure:6121: test -z 
			 || test ! -s conftest.err
configure:6124: $? = 0
configure:6127: test -s conftest
configure:6130: $? = 0
configure:6142: result: yes
configure:6055: checking for vsnprintf
configure:6111: gcc -o conftest -g -O2 -fcommon   conftest.c  >&5
conftest.c:106:6: warning: conflicting types for built-in function 'vsnprintf'; expected 'int(char *, long unsigned int,  const char *, __va_list_tag *)' [-Wbuiltin-declaration-mismatch]
  106 | char vsnprintf ();
      |      ^~~~~~~~~
conftest.c:96:1: note: 'vsnprintf' is declared in header '<stdio.h>'
   95 | # include <limits.h>
   96 | #else
configure:6117: $? = 0
configure:6121: test -z 
			 || test ! -s conftest.err
configure:6124: $? = 0
configure:6127: test -s conftest
configure:6130: $? = 0
configure:6142: result: yes
configure:6055: checking for vsprintf
configure:6111: gcc -o conftest -g -O2 -fcommon   conftest.c  >&5
conftest.c:107:6: warning: conflicting types for built-in function 'vsprintf'; expected 'int(char *, const char *, __va_list_tag *)' [-Wbuiltin-declaration-mismatch]
  107 | char vsprintf ();
      |      ^~~~~~~~
conftest.c:97:1: note: 'vsprintf' is declared in header '<stdio.h>'
   96 | # include <limits.h>
   97 | #else
configure:6117: $? = 0
configure:6121: test -z 
			 || test ! -s conftest.err
configure:6124: $? = 0
configure:6127: test -s conftest
configure:6130: $? = 0
configure:6142: result: yes
configure:6055: checking for waitpid
configure:6111: gcc -o conftest -g -O2 -fcommon   conftest.c  >&5
configure:6117: $? = 0
configure:6121: test -z 
			 || test ! -s conftest.err
configure:6124: $? = 0
configure:6127: test -s conftest
configure:6130: $? = 0
configure:6142: result: yes
configure:6162: checking whether alloca needs Cray hooks
configure:6189: result: no
configure:6294: checking stack direction for C alloca
configure:6326: gcc -o conftest -g -O2 -fcommon   conftest.c  >&5
conftest.c:91:1: warning: return type defaults to 'int' [-Wimplicit-int]
   91 | find_stack_direction ()
      | ^~~~~~~~~~~~~~~~~~~~
conftest.c:103:1: warning: return type defaults to 'int' [-Wimplicit-int]
  103 | main ()
      | ^~~~
conftest.c: In function 'main':
conftest.c:105:3: warning: implicit declaration of function 'exit' [-Wimplicit-function-declaration]
  105 |   exit (find_stack_direction() < 0);
      |   ^~~~
conftest.c:1:1: note: include '<stdlib.h>' or provide a declaration of 'exit'
  +++ |+#include <stdlib.h>
    1 | /* confdefs.h.  */
conftest.c:105:3: warning: incompatible implicit declaration of built-in function 'exit' [-Wbuiltin-declaration-mismatch]
  105 |   exit (find_stack_direction() < 0);
      |   ^~~~
conftest.c:105:3: note: include '<stdlib.h>' or provide a declaration of 'exit'
configure:6329: $? = 0
configure:6331: ./conftest
configure:6334: $? = 0
configure:6348: result: 1
configure:6361: checking for unistd.h
configure:6401: result: yes
configure:6361: checking for vfork.h
configure:6374: gcc -E  conftest.c
conftest.c:93:10: fatal error: vfork.h: No such file or directory
   93 | #include <vfork.h>
      |          ^~~~~~~~~
compilation terminated.
configure:6380: $? = 1
configure: failed program was:
| /* confdefs.h.  */
| 
| #define PACKAGE_NAME ""
| #define PACKAGE_TARNAME ""
| #define PACKAGE_VERSION ""
| #define PACKAGE_STRING ""
| #define PACKAGE_BUGREPORT ""
| #define HAVE_SYS_FILE_H 1
| #define HAVE_SYS_PARAM_H 1
| #define HAVE_LIMITS_H 1
| #define HAVE_STDLIB_H 1
| #define HAVE_MALLOC_H 1
| #define HAVE_STRING_H 1
| #define HAVE_UNISTD_H 1
| #define HAVE_STRINGS_H 1
| #define HAVE_SYS_TIME_H 1
| #define HAVE_TIME_H 1
| #define HAVE_SYS_RESOURCE_H 1
| #define HAVE_SYS_STAT_H 1
| #define HAVE_SYS_MMAN_H 1
| #define HAVE_FCNTL_H 1
| #define HAVE_ALLOCA_H 1
| #define HAVE_SYS_SYSINFO_H 1
| #define HAVE_STDINT_H 1
| #define HAVE_STDIO_EXT_H 1
| #define HAVE_SYS_WAIT_H 1
| #define TIME_WITH_SYS_TIME 1
| #define STDC_HEADERS 1
| #define HAVE_SYS_TYPES_H 1
| #define HAVE_SYS_STAT_H 1
| #define HAVE_STDLIB_H 1
| #define HAVE_STRING_H 1
| #define HAVE_MEMORY_H 1
| #define HAVE_STRINGS_H 1
| #define HAVE_INTTYPES_H 1
| #define HAVE_STDINT_H 1
| #define HAVE_UNISTD_H 1
| #define SIZEOF_INT 4
| #define UNSIGNED_64BIT_TYPE uint64_t
| #define HAVE_UINTPTR_T 1
| #define HAVE_ASPRINTF 1
| #define HAVE_ATEXIT 1
| #define HAVE_BASENAME 1
| #define HAVE_BCMP 1
| #define HAVE_BCOPY 1
| #define HAVE_BSEARCH 1
| #define HAVE_BZERO 1
| #define HAVE_CALLOC 1
| #define HAVE_CLOCK 1
| #define HAVE_FFS 1
| #define HAVE_GETCWD 1
| #define HAVE_GETPAGESIZE 1
| #define HAVE_GETTIMEOFDAY 1
| #define HAVE_INDEX 1
| #define HAVE_INSQUE 1
| #define HAVE_MEMCHR 1
| #define HAVE_MEMCMP 1
| #define HAVE_MEMCPY 1
| #define HAVE_MEMMOVE 1
| #define HAVE_MEMPCPY 1
| #define HAVE_MEMSET 1
| #define HAVE_MKSTEMPS 1
| #define HAVE_PUTENV 1
| #define HAVE_RANDOM 1
| #define HAVE_RENAME 1
| #define HAVE_RINDEX 1
| #define HAVE_SETENV 1
| #define HAVE_SNPRINTF 1
| #define HAVE_SIGSETMASK 1
| #define HAVE_STPCPY 1
| #define HAVE_STPNCPY 1
| #define HAVE_STRCASECMP 1
| #define HAVE_STRCHR 1
| #define HAVE_STRDUP 1
| #define HAVE_STRNCASECMP 1
| #define HAVE_STRNDUP 1
| #define HAVE_STRRCHR 1
| #define HAVE_STRSTR 1
| #define HAVE_STRTOD 1
| #define HAVE_STRTOL 1
| #define HAVE_STRTOUL 1
| #define HAVE_STRVERSCMP 1
| #define HAVE_TMPNAM 1
| #define HAVE_VASPRINTF 1
| #define HAVE_VFPRINTF 1
| #define HAVE_VPRINTF 1
| #define HAVE_VSNPRINTF 1
| #define HAVE_VSPRINTF 1
| #define HAVE_WAITPID 1
| #define STACK_DIRECTION 1
| #define HAVE_UNISTD_H 1
| /* end confdefs.h.  */
| #include <vfork.h>
configure:6401: result: no
configure:6416: checking for fork
configure:6472: gcc -o conftest -g -O2 -fcommon   conftest.c  >&5
conftest.c:111:6: warning: conflicting types for built-in function 'fork'; expected 'int(void)' [-Wbuiltin-declaration-mismatch]
  111 | char fork ();
      |      ^~~~
configure:6478: $? = 0
configure:6482: test -z 
			 || test ! -s conftest.err
configure:6485: $? = 0
configure:6488: test -s conftest
configure:6491: $? = 0
configure:6503: result: yes
configure:6416: checking for vfork
configure:6472: gcc -o conftest -g -O2 -fcommon   conftest.c  >&5
configure:6478: $? = 0
configure:6482: test -z 
			 || test ! -s conftest.err
configure:6485: $? = 0
configure:6488: test -s conftest
configure:6491: $? = 0
configure:6503: result: yes
configure:6514: checking for working fork
configure:6537: gcc -o conftest -g -O2 -fcommon   conftest.c  >&5
conftest.c: In function 'main':
conftest.c:9:13: warning: implicit declaration of function 'fork' [-Wimplicit-function-declaration]
    9 |         if (fork() < 0)
      |             ^~~~
conftest.c:10:11: warning: implicit declaration of function 'exit' [-Wimplicit-function-declaration]
   10 |           exit (1);
      |           ^~~~
conftest.c:3:1: note: include '<stdlib.h>' or provide a declaration of 'exit'
    2 |       #include <sys/types.h>
  +++ |+#include <stdlib.h>
    3 |       #if HAVE_UNISTD_H
conftest.c:10:11: warning: incompatible implicit declaration of built-in function 'exit' [-Wbuiltin-declaration-mismatch]
   10 |           exit (1);
      |           ^~~~
conftest.c:10:11: note: include '<stdlib.h>' or provide a declaration of 'exit'
conftest.c:11:9: warning: incompatible implicit declaration of built-in function 'exit' [-Wbuiltin-declaration-mismatch]
   11 |         exit (0);
      |         ^~~~
conftest.c:11:9: note: include '<stdlib.h>' or provide a declaration of 'exit'
configure:6540: $? = 0
configure:6542: ./conftest
configure:6545: $? = 0
configure:6559: result: yes
configure:6580: checking for working vfork
configure:6713: result: yes
configure:6874: checking for _doprnt
configure:6930: gcc -o conftest -g -O2 -fcommon   conftest.c  >&5
/usr/bin/ld: /tmp/ccquOpDz.o: in function `main':
/home/runner/work/binutils217/binutils217/libiberty/conftest.c:131:(.text.startup+0x7): undefined reference to `_doprnt'
/usr/bin/ld: /tmp/ccquOpDz.o:/home/runner/work/binutils217/binutils217/libiberty/conftest.c:122:(.data.rel+0x0): undefined reference to `_doprnt'
collect2: error: ld returned 1 exit status
configure:6936: $? = 1
configure: failed program was:
| /* confdefs.h.  */
| 
| #define PACKAGE_NAME ""
| #define PACKAGE_TARNAME ""
| #define PACKAGE_VERSION ""
| #define PACKAGE_STRING ""
| #define PACKAGE_BUGREPORT ""
| #define HAVE_SYS_FILE_H 1
| #define HAVE_SYS_PARAM_H 1
| #define HAVE_LIMITS_H 1
| #define HAVE_STDLIB_H 1
| #define HAVE_MALLOC_H 1
| #define HAVE_STRING_H 1
| #define HAVE_UNISTD_H 1
| #define HAVE_STRINGS_H 1
| #define HAVE_SYS_TIME_H 1
| #define HAVE_TIME_H 1
| #define HAVE_SYS_RESOURCE_H 1
| #define HAVE_SYS_STAT_H 1
| #define HAVE_SYS_MMAN_H 1
| #define HAVE_FCNTL_H 1
| #define HAVE_ALLOCA_H 1
| #define HAVE_SYS_SYSINFO_H 1
| #define HAVE_STDINT_H 1
| #define HAVE_STDIO_EXT_H 1
| #define HAVE_SYS_WAIT_H 1
| #define TIME_WITH_SYS_TIME 1
| #define STDC_HEADERS 1
| #define HAVE_SYS_TYPES_H 1
| #define HAVE_SYS_STAT_H 1
| #define HAVE_STDLIB_H 1
| #define HAVE_STRING_H 1
| #define HAVE_MEMORY_H 1
| #define HAVE_STRINGS_H 1
| #define HAVE_INTTYPES_H 1
| #define HAVE_STDINT_H 1
| #define HAVE_UNISTD_H 1
| #define SIZEOF_INT 4
| #define UNSIGNED_64BIT_TYPE uint64_t
| #define HAVE_UINTPTR_T 1
| #define HAVE_ASPRINTF 1
| #define HAVE_ATEXIT 1
| #define HAVE_BASENAME 1
| #define HAVE_BCMP 1
| #define HAVE_BCOPY 1
| #define HAVE_BSEARCH 1
| #define HAVE_BZERO 1
| #define HAVE_CALLOC 1
| #define HAVE_CLOCK 1
| #define HAVE_FFS 1
| #define HAVE_GETCWD 1
| #define HAVE_GETPAGESIZE 1
| #define HAVE_GETTIMEOFDAY 1
| #define HAVE_INDEX 1
| #define HAVE_INSQUE 1
| #define HAVE_MEMCHR 1
| #define HAVE_MEMCMP 1
| #define HAVE_MEMCPY 1
| #define HAVE_MEMMOVE 1
| #define HAVE_MEMPCPY 1
| #define HAVE_MEMSET 1
| #define HAVE_MKSTEMPS 1
| #define HAVE_PUTENV 1
| #define HAVE_RANDOM 1
| #define HAVE_RENAME 1
| #define HAVE_RINDEX 1
| #define HAVE_SETENV 1
| #define HAVE_SNPRINTF 1
| #define HAVE_SIGSETMASK 1
| #define HAVE_STPCPY 1
| #define HAVE_STPNCPY 1
| #define HAVE_STRCASECMP 1
| #define HAVE_STRCHR 1
| #define HAVE_STRDUP 1
| #define HAVE_STRNCASECMP 1
| #define HAVE_STRNDUP 1
| #define HAVE_STRRCHR 1
| #define HAVE_STRSTR 1
| #define HAVE_STRTOD 1
| #define HAVE_STRTOL 1
| #define HAVE_STRTOUL 1
| #define HAVE_STRVERSCMP 1
| #define HAVE_TMPNAM 1
| #define HAVE_VASPRINTF 1
| #define HAVE_VFPRINTF 1
| #define HAVE_VPRINTF 1
| #define HAVE_VSNPRINTF 1
| #define HAVE_VSPRINTF 1
| #define HAVE_WAITPID 1
| #define STACK_DIRECTION 1
| #define HAVE_UNISTD_H 1
| #define HAVE_FORK 1
| #define HAVE_VFORK 1
| #define HAVE_WORKING_VFORK 1
| #define HAVE_WORKING_FORK 1
| /* end confdefs.h.  */
| /* System header to define __stub macros and hopefully few prototypes,
|     which can conflict with char _doprnt (); below.
|     Prefer <limits.h> to <assert.h> if __STDC__ is defined, since
|     <limits.h> exists even on freestanding compilers.  Under hpux,
|     including <limits.h> includes <sys/time.h> and causes problems
|     checking for functions defined therein.  */
| #if defined (__STDC__) && !defined (_HPUX_SOURCE)
| # include <limits.h>
| #else
| # include <assert.h>
| #endif
| /* Override any gcc2 internal prototype to avoid an error.  */
| #ifdef __cplusplus
| extern "C"
| {
| #endif
| /* We use char because int might match the return type of a gcc2
|    builtin and then its argument prototype would still apply.  */
| char _doprnt ();
| /* The GNU C library defines this for functions which it implements
|     to always fail with ENOSYS.  Some functions are actually named
|     something starting with __ and the normal name is an alias.  */
| #if defined (__stub__doprnt) || defined (__stub____doprnt)
| choke me
| #else
| char (*f) () = _doprnt;
| #endif
| #ifdef __cplusplus
| }
| #endif
| 
| int
| main ()
| {
| return f != _doprnt;
|   ;
|   return 0;
| }
configure:6961: result: no
configure:6974: checking for sys_errlist
configure:7000: gcc -o conftest -g -O2 -fcommon   conftest.c  >&5
/usr/bin/ld: /tmp/ccliYHlM.o: warning: relocation against `sys_errlist' in read-only section `.text.startup'
/usr/bin/ld: /tmp/ccliYHlM.o: in function `main':
/home/runner/work/binutils217/binutils217/libiberty/conftest.c:101:(.text.startup+0x7): undefined reference to `sys_errlist'
/usr/bin/ld: warning: creating DT_TEXTREL in a PIE
collect2: error: ld returned 1 exit status
configure:7006: $? = 1
configure: failed program was:
| /* confdefs.h.  */
| 
| #define PACKAGE_NAME ""
| #define PACKAGE_TARNAME ""
| #define PACKAGE_VERSION ""
| #define PACKAGE_STRING ""
| #define PACKAGE_BUGREPORT ""
| #define HAVE_SYS_FILE_H 1
| #define HAVE_SYS_PARAM_H 1
| #define HAVE_LIMITS_H 1
| #define HAVE_STDLIB_H 1
| #define HAVE_MALLOC_H 1
| #define HAVE_STRING_H 1
| #define HAVE_UNISTD_H 1
| #define HAVE_STRINGS_H 1
| #define HAVE_SYS_TIME_H 1
| #define HAVE_TIME_H 1
| #define HAVE_SYS_RESOURCE_H 1
| #define HAVE_SYS_STAT_H 1
| #define HAVE_SYS_MMAN_H 1
| #define HAVE_FCNTL_H 1
| #define HAVE_ALLOCA_H 1
| #define HAVE_SYS_SYSINFO_H 1
| #define HAVE_STDINT_H 1
| #define HAVE_STDIO_EXT_H 1
| #define HAVE_SYS_WAIT_H 1
| #define TIME_WITH_SYS_TIME 1
| #define STDC_HEADERS 1
| #define HAVE_SYS_TYPES_H 1
| #define HAVE_SYS_STAT_H 1
| #define HAVE_STDLIB_H 1
| #define HAVE_STRING_H 1
| #define HAVE_MEMORY_H 1
| #define HAVE_STRINGS_H 1
| #define HAVE_INTTYPES_H 1
| #define HAVE_STDINT_H 1
| #define HAVE_UNISTD_H 1
| #define SIZEOF_INT 4
| #define UNSIGNED_64BIT_TYPE uint64_t
| #define HAVE_UINTPTR_T 1
| #define HAVE_ASPRINTF 1
| #define HAVE_ATEXIT 1
| #define HAVE_BASENAME 1
| #define HAVE_BCMP 1
| #define HAVE_BCOPY 1
| #define HAVE_BSEARCH 1
| #define HAVE_BZERO 1
| #define HAVE_CALLOC 1
| #define HAVE_CLOCK 1
| #define HAVE_FFS 1
| #define HAVE_GETCWD 1
| #define HAVE_GETPAGESIZE 1
| #define HAVE_GETTIMEOFDAY 1
| #define HAVE_INDEX 1
| #define HAVE_INSQUE 1
| #define HAVE_MEMCHR 1
| #define HAVE_MEMCMP 1
| #define HAVE_MEMCPY 1
| #define HAVE_MEMMOVE 1
| #define HAVE_MEMPCPY 1
| #define HAVE_MEMSET 1
| #define HAVE_MKSTEMPS 1
| #define HAVE_PUTENV 1
| #define HAVE_RANDOM 1
| #define HAVE_RENAME 1
| #define HAVE_RINDEX 1
| #define HAVE_SETENV 1
| #define HAVE_SNPRINTF 1
| #define HAVE_SIGSETMASK 1
| #define HAVE_STPCPY 1
| #define HAVE_STPNCPY 1
| #define HAVE_STRCASECMP 1
| #define HAVE_STRCHR 1
| #define HAVE_STRDUP 1
| #define HAVE_STRNCASECMP 1
| #define HAVE_STRNDUP 1
| #define HAVE_STRRCHR 1
| #define HAVE_STRSTR 1
| #define HAVE_STRTOD 1
| #define HAVE_STRTOL 1
| #define HAVE_STRTOUL 1
| #define HAVE_STRVERSCMP 1
| #define HAVE_TMPNAM 1
| #define HAVE_VASPRINTF 1
| #define HAVE_VFPRINTF 1
| #define HAVE_VPRINTF 1
| #define HAVE_VSNPRINTF 1
| #define HAVE_VSPRINTF 1
| #define HAVE_WAITPID 1
| #define STACK_DIRECTION 1
| #define HAVE_UNISTD_H 1
| #define HAVE_FORK 1
| #define HAVE_VFORK 1
| #define HAVE_WORKING_VFORK 1
| #define HAVE_WORKING_FORK 1
| /* end confdefs.h.  */
| int *p;
| int
| main ()
| {
| extern int sys_errlist []; p = sys_errlist;
|   ;
|   return 0;
| }
configure:7041: result: no
configure:6974: checking for sys_nerr
configure:7000: gcc -o conftest -g -O2 -fcommon   conftest.c  >&5
/usr/bin/ld: /tmp/ccLHxuyU.o: warning: relocation against `sys_nerr' in read-only section `.text.startup'
/usr/bin/ld: /tmp/ccLHxuyU.o: in function `main':
/home/runner/work/binutils217/binutils217/libiberty/conftest.c:101:(.text.startup+0x7): undefined reference to `sys_nerr'
/usr/bin/ld: warning: creating DT_TEXTREL in a PIE
collect2: error: ld returned 1 exit status
configure:7006: $? = 1
configure: failed program was:
| /* confdefs.h.  */
| 
| #define PACKAGE_NAME ""
| #define PACKAGE_TARNAME ""
| #define PACKAGE_VERSION ""
| #define PACKAGE_STRING ""
| #define PACKAGE_BUGREPORT ""
| #define HAVE_SYS_FILE_H 1
| #define HAVE_SYS_PARAM_H 1
| #define HAVE_LIMITS_H 1
| #define HAVE_STDLIB_H 1
| #define HAVE_MALLOC_H 1
| #define HAVE_STRING_H 1
| #define HAVE_UNISTD_H 1
| #define HAVE_STRINGS_H 1
| #define HAVE_SYS_TIME_H 1
| #define HAVE_TIME_H 1
| #define HAVE_SYS_RESOURCE_H 1
| #define HAVE_SYS_STAT_H 1
| #define HAVE_SYS_MMAN_H 1
| #define HAVE_FCNTL_H 1
| #define HAVE_ALLOCA_H 1
| #define HAVE_SYS_SYSINFO_H 1
| #define HAVE_STDINT_H 1
| #define HAVE_STDIO_EXT_H 1
| #define HAVE_SYS_WAIT_H 1
| #define TIME_WITH_SYS_TIME 1
| #define STDC_HEADERS 1
| #define HAVE_SYS_TYPES_H 1
| #define HAVE_SYS_STAT_H 1
| #define HAVE_STDLIB_H 1
| #define HAVE_STRING_H 1
| #define HAVE_MEMORY_H 1
| #define HAVE_STRINGS_H 1
| #define HAVE_INTTYPES_H 1
| #define HAVE_STDINT_H 1
| #define HAVE_UNISTD_H 1
| #define SIZEOF_INT 4
| #define UNSIGNED_64BIT_TYPE uint64_t
| #define HAVE_UINTPTR_T 1
| #define HAVE_ASPRINTF 1
| #define HAVE_ATEXIT 1
| #define HAVE_BASENAME 1
| #define HAVE_BCMP 1
| #define HAVE_BCOPY 1
| #define HAVE_BSEARCH 1
| #define HAVE_BZERO 1
| #define HAVE_CALLOC 1
| #define HAVE_CLOCK 1
| #define HAVE_FFS 1
| #define HAVE_GETCWD 1
| #define HAVE_GETPAGESIZE 1
| #define HAVE_GETTIMEOFDAY 1
| #define HAVE_INDEX 1
| #define HAVE_INSQUE 1
| #define HAVE_MEMCHR 1
| #define HAVE_MEMCMP 1
| #define HAVE_MEMCPY 1
| #define HAVE_MEMMOVE 1
| #define HAVE_MEMPCPY 1
| #define HAVE_MEMSET 1
| #define HAVE_MKSTEMPS 1
| #define HAVE_PUTENV 1
| #define HAVE_RANDOM 1
| #define HAVE_RENAME 1
| #define HAVE_RINDEX 1
| #define HAVE_SETENV 1
| #define HAVE_SNPRINTF 1
| #define HAVE_SIGSETMASK 1
| #define HAVE_STPCPY 1
| #define HAVE_STPNCPY 1
| #define HAVE_STRCASECMP 1
| #define HAVE_STRCHR 1
| #define HAVE_STRDUP 1
| #define HAVE_STRNCASECMP 1
| #define HAVE_STRNDUP 1
| #define HAVE_STRRCHR 1
| #define HAVE_STRSTR 1
| #define HAVE_STRTOD 1
| #define HAVE_STRTOL 1
| #define HAVE_STRTOUL 1
| #define HAVE_STRVERSCMP 1
| #define HAVE_TMPNAM 1
| #define HAVE_VASPRINTF 1
| #define HAVE_VFPRINTF 1
| #define HAVE_VPRINTF 1
| #define HAVE_VSNPRINTF 1
| #define HAVE_VSPRINTF 1
| #define HAVE_WAITPID 1
| #define STACK_DIRECTION 1
| #define HAVE_UNISTD_H 1
| #define HAVE_FORK 1
| #define HAVE_VFORK 1
| #define HAVE_WORKING_VFORK 1
| #define HAVE_WORKING_FORK 1
| /* end confdefs.h.  */
| int *p;
| int
| main ()
| {
| extern int sys_nerr []; p = sys_nerr;
|   ;
|   return 0;
| }
configure:7041: result: no
configure:6974: checking for sys_siglist
configure:7000: gcc -o conftest -g -O2 -fcommon   conftest.c  >&5
/usr/bin/ld: /tmp/cc33ivnr.o: warning: relocation against `sys_siglist' in read-only section `.text.startup'
/usr/bin/ld: /tmp/cc33ivnr.o: in function `main':
/home/runner/work/binutils217/binutils217/libiberty/conftest.c:101:(.text.startup+0x7): undefined reference to `sys_siglist'
/usr/bin/ld: warning: creating DT_TEXTREL in a PIE
collect2: error: ld returned 1 exit status
configure:7006: $? = 1
configure: failed program was:
| /* confdefs.h.  */
| 
| #define PACKAGE_NAME ""
| #define PACKAGE_TARNAME ""
| #define PACKAGE_VERSION ""
| #define PACKAGE_STRING ""
| #define PACKAGE_BUGREPORT ""
| #define HAVE_SYS_FILE_H 1
| #define HAVE_SYS_PARAM_H 1
| #define HAVE_LIMITS_H 1
| #define HAVE_STDLIB_H 1
| #define HAVE_MALLOC_H 1
| #define HAVE_STRING_H 1
| #define HAVE_UNISTD_H 1
| #define HAVE_STRINGS_H 1
| #define HAVE_SYS_TIME_H 1
| #define HAVE_TIME_H 1
| #define HAVE_SYS_RESOURCE_H 1
| #define HAVE_SYS_STAT_H 1
| #define HAVE_SYS_MMAN_H 1
| #define HAVE_FCNTL_H 1
| #define HAVE_ALLOCA_H 1
| #define HAVE_SYS_SYSINFO_H 1
| #define HAVE_STDINT_H 1
| #define HAVE_STDIO_EXT_H 1
| #define HAVE_SYS_WAIT_H 1
| #define TIME_WITH_SYS_TIME 1
| #define STDC_HEADERS 1
| #define HAVE_SYS_TYPES_H 1
| #define HAVE_SYS_STAT_H 1
| #define HAVE_STDLIB_H 1
| #define HAVE_STRING_H 1
| #define HAVE_MEMORY_H 1
| #define HAVE_STRINGS_H 1
| #define HAVE_INTTYPES_H 1
| #define HAVE_STDINT_H 1
| #define HAVE_UNISTD_H 1
| #define SIZEOF_INT 4
| #define UNSIGNED_64BIT_TYPE uint64_t
| #define HAVE_UINTPTR_T 1
| #define HAVE_ASPRINTF 1
| #define HAVE_ATEXIT 1
| #define HAVE_BASENAME 1
| #define HAVE_BCMP 1
| #define HAVE_BCOPY 1
| #define HAVE_BSEARCH 1
| #define HAVE_BZERO 1
| #define HAVE_CALLOC 1
| #define HAVE_CLOCK 1
| #define HAVE_FFS 1
| #define HAVE_GETCWD 1
| #define HAVE_GETPAGESIZE 1
| #define HAVE_GETTIMEOFDAY 1
| #define HAVE_INDEX 1
| #define HAVE_INSQUE 1
| #define HAVE_MEMCHR 1
| #define HAVE_MEMCMP 1
| #define HAVE_MEMCPY 1
| #define HAVE_MEMMOVE 1
| #define HAVE_MEMPCPY 1
| #define HAVE_MEMSET 1
| #define HAVE_MKSTEMPS 1
| #define HAVE_PUTENV 1
| #define HAVE_RANDOM 1
| #define HAVE_RENAME 1
| #define HAVE_RINDEX 1
| #define HAVE_SETENV 1
| #define HAVE_SNPRINTF 1
| #define HAVE_SIGSETMASK 1
| #define HAVE_STPCPY 1
| #define HAVE_STPNCPY 1
| #define HAVE_STRCASECMP 1
| #define HAVE_STRCHR 1
| #define HAVE_STRDUP 1
| #define HAVE_STRNCASECMP 1
| #define HAVE_STRNDUP 1
| #define HAVE_STRRCHR 1
| #define HAVE_STRSTR 1
| #define HAVE_STRTOD 1
| #define HAVE_STRTOL 1
| #define HAVE_STRTOUL 1
| #define HAVE_STRVERSCMP 1
| #define HAVE_TMPNAM 1
| #define HAVE_VASPRINTF 1
| #define HAVE_VFPRINTF 1
| #define HAVE_VPRINTF 1
| #define HAVE_VSNPRINTF 1
| #define HAVE_VSPRINTF 1
| #define HAVE_WAITPID 1
| #define STACK_DIRECTION 1
| #define HAVE_UNISTD_H 1
| #define HAVE_FORK 1
| #define HAVE_VFORK 1
| #define HAVE_WORKING_VFORK 1
| #define HAVE_WORKING_FORK 1
| /* end confdefs.h.  */
| int *p;
| int
| main ()
| {
| extern int sys_siglist []; p = sys_siglist;
|   ;
|   return 0;
| }
configure:7041: result: no
configure:7048: checking for external symbol _system_configuration
configure:7066: gcc -c -g -O2 -fcommon  conftest.c >&5
conftest.c:97:10: fatal error: sys/systemcfg.h: No such file or directory
   97 | #include <sys/systemcfg.h>
      |          ^~~~~~~~~~~~~~~~~
compilation terminated.
configure:7072: $? = 1
configure: failed program was:
| /* confdefs.h.  */
| 
| #define PACKAGE_NAME ""
| #define PACKAGE_TARNAME ""
| #define PACKAGE_VERSION ""
| #define PACKAGE_STRING ""
| #define PACKAGE_BUGREPORT ""
| #define HAVE_SYS_FILE_H 1
| #define HAVE_SYS_PARAM_H 1
| #define HAVE_LIMITS_H 1
| #define HAVE_STDLIB_H 1
| #define HAVE_MALLOC_H 1
| #define HAVE_STRING_H 1
| #define HAVE_UNISTD_H 1
| #define HAVE_STRINGS_H 1
| #define HAVE_SYS_TIME_H 1
| #define HAVE_TIME_H 1
| #define HAVE_SYS_RESOURCE_H 1
| #define HAVE_SYS_STAT_H 1
| #define HAVE_SYS_MMAN_H 1
| #define HAVE_FCNTL_H 1
| #define HAVE_ALLOCA_H 1
| #define HAVE_SYS_SYSINFO_H 1
| #define HAVE_STDINT_H 1
| #define HAVE_STDIO_EXT_H 1
| #define HAVE_SYS_WAIT_H 1
| #define TIME_WITH_SYS_TIME 1
| #define STDC_HEADERS 1
| #define HAVE_SYS_TYPES_H 1
| #define HAVE_SYS_STAT_H 1
| #define HAVE_STDLIB_H 1
| #define HAVE_STRING_H 1
| #define HAVE_MEMORY_H 1
| #define HAVE_STRINGS_H 1
| #define HAVE_INTTYPES_H 1
| #define HAVE_STDINT_H 1
| #define HAVE_UNISTD_H 1
| #define SIZEOF_INT 4
| #define UNSIGNED_64BIT_TYPE uint64_t
| #define HAVE_UINTPTR_T 1
| #define HAVE_ASPRINTF 1
| #define HAVE_ATEXIT 1
| #define HAVE_BASENAME 1
| #define HAVE_BCMP 1
| #define HAVE_BCOPY 1
| #define HAVE_BSEARCH 1
| #define HAVE_BZERO 1
| #define HAVE_CALLOC 1
| #define HAVE_CLOCK 1
| #define HAVE_FFS 1
| #define HAVE_GETCWD 1
| #define HAVE_GETPAGESIZE 1
| #define HAVE_GETTIMEOFDAY 1
| #define HAVE_INDEX 1
| #define HAVE_INSQUE 1
| #define HAVE_MEMCHR 1
| #define HAVE_MEMCMP 1
| #define HAVE_MEMCPY 1
| #define HAVE_MEMMOVE 1
| #define HAVE_MEMPCPY 1
| #define HAVE_MEMSET 1
| #define HAVE_MKSTEMPS 1
| #define HAVE_PUTENV 1
| #define HAVE_RANDOM 1
| #define HAVE_RENAME 1
| #define HAVE_RINDEX 1
| #define HAVE_SETENV 1
| #define HAVE_SNPRINTF 1
| #define HAVE_SIGSETMASK 1
| #define HAVE_STPCPY 1
| #define HAVE_STPNCPY 1
| #define HAVE_STRCASECMP 1
| #define HAVE_STRCHR 1
| #define HAVE_STRDUP 1
| #define HAVE_STRNCASECMP 1
| #define HAVE_STRNDUP 1
| #define HAVE_STRRCHR 1
| #define HAVE_STRSTR 1
| #define HAVE_STRTOD 1
| #define HAVE_STRTOL 1
| #define HAVE_STRTOUL 1
| #define HAVE_STRVERSCMP 1
| #define HAVE_TMPNAM 1
| #define HAVE_VASPRINTF 1
| #define HAVE_VFPRINTF 1
| #define HAVE_VPRINTF 1
| #define HAVE_VSNPRINTF 1
| #define HAVE_VSPRINTF 1
| #define HAVE_WAITPID 1
| #define STACK_DIRECTION 1
| #define HAVE_UNISTD_H 1
| #define HAVE_FORK 1
| #define HAVE_VFORK 1
| #define HAVE_WORKING_VFORK 1
| #define HAVE_WORKING_FORK 1
| /* end confdefs.h.  */
| #include <sys/systemcfg.h>
| int
| main ()
| {
| double x = _system_configuration.physmem;
|   ;
|   return 0;
| }
configure:7098: result: no
configure:7107: checking for getrusage
configure:7163: gcc -o conftest -g -O2 -fcommon   conftest.c  >&5
configure:7169: $? = 0
configure:7173: test -z 
			 || test ! -s conftest.err
configure:7176: $? = 0
configure:7179: test -s conftest
configure:7182: $? = 0
configure:7194: result: yes
configure:7107: checking for on_exit
configure:7163: gcc -o conftest -g -O2 -fcommon   conftest.c  >&5
configure:7169: $? = 0
configure:7173: test -z 
			 || test ! -s conftest.err
configure:7176: $? = 0
configure:7179: test -s conftest
configure:7182: $? = 0
configure:7194: result: yes
configure:7107: checking for psignal
configure:7163: gcc -o conftest -g -O2 -fcommon   conftest.c  >&5
configure:7169: $? = 0
configure:7173: test -z 
			 || test ! -s conftest.err
configure:7176: $? = 0
configure:7179: test -s conftest
configure:7182: $? = 0
configure:7194: result: yes
configure:7107: checking for strerror
configure:7163: gcc -o conftest -g -O2 -fcommon   conftest.c  >&5
configure:7169: $? = 0
configure:7173: test -z 
			 || test ! -s conftest.err
configure:7176: $? = 0
configure:7179: test -s conftest
configure:7182: $? = 0
configure:7194: result: yes
configure:7107: checking for strsignal
configure:7163: gcc -o conftest -g -O2 -fcommon   conftest.c  >&5
configure:7169: $? = 0
configure:7173: test -z 
			 || test ! -s conftest.err
configure:7176: $? = 0
configure:7179: test -s conftest
configure:7182: $? = 0
configure:7194: result: yes
configure:7107: checking for sysconf
configure:7163: gcc -o conftest -g -O2 -fcommon   conftest.c  >&5
configure:7169: $? = 0
configure:7173: test -z 
			 || test ! -s conftest.err
configure:7176: $? = 0
configure:7179: test -s conftest
configure:7182: $? = 0
configure:7194: result: yes
configure:7107: checking for times
configure:7163: gcc -o conftest -g -O2 -fcommon   conftest.c  >&5
configure:7169: $? = 0
configure:7173: test -z 
			 || test ! -s conftest.err
configure:7176: $? = 0
configure:7179: test -s conftest
configure:7182: $? = 0
configure:7194: result: yes
configure:7107: checking for sbrk
configure:7163: gcc -o conftest -g -O2 -fcommon   conftest.c  >&5
configure:7169: $? = 0
configure:7173: test -z 
			 || test ! -s conftest.err
configure:7176: $? = 0
configure:7179: test -s conftest
configure:7182: $? = 0
configure:7194: result: yes
configure:7107: checking for gettimeofday
configure:7194: result: yes
configure:7107: checking for realpath
configure:7163: gcc -o conftest -g -O2 -fcommon   conftest.c  >&5
configure:7169: $? = 0
configure:7173: test -z 
			 || test ! -s conftest.err
configure:7176: $? = 0
configure:7179: test -s conftest
configure:7182: $? = 0
configure:7194: result: yes
configure:7107: checking for canonicalize_file_name
configure:7163: gcc -o conftest -g -O2 -fcommon   conftest.c  >&5
configure:7169: $? = 0
configure:7173: test -z 
			 || test ! -s conftest.err
configure:7176: $? = 0
configure:7179: test -s conftest
configure:7182: $? = 0
configure:7194: result: yes
configure:7107: checking for pstat_getstatic
configure:7163: gcc -o conftest -g -O2 -fcommon   conftest.c  >&5
/usr/bin/ld: /tmp/cceEunul.o: in function `main':
/home/runner/work/binutils217/binutils217/libiberty/conftest.c:142:(.text.startup+0x7): undefined reference to `pstat_getstatic'
/usr/bin/ld: /tmp/cceEunul.o:/home/runner/work/binutils217/binutils217/libiberty/conftest.c:133:(.data.rel+0x0): undefined reference to `pstat_getstatic'
collect2: error: ld returned 1 exit status
configure:7169: $? = 1
configure: failed program was:
| /* confdefs.h.  */
| 
| #define PACKAGE_NAME ""
| #define PACKAGE_TARNAME ""
| #define PACKAGE_VERSION ""
| #define PACKAGE_STRING ""
| #define PACKAGE_BUGREPORT ""
| #define HAVE_SYS_FILE_H 1
| #define HAVE_SYS_PARAM_H 1
| #define HAVE_LIMITS_H 1
| #define HAVE_STDLIB_H 1
| #define HAVE_MALLOC_H 1
| #define HAVE_STRING_H 1
| #define HAVE_UNISTD_H 1
| #define HAVE_STRINGS_H 1
| #define HAVE_SYS_TIME_H 1
| #define HAVE_TIME_H 1
| #define HAVE_SYS_RESOURCE_H 1
| #define HAVE_SYS_STAT_H 1
| #define HAVE_SYS_MMAN_H 1
| #define HAVE_FCNTL_H 1
| #define HAVE_ALLOCA_H 1
| #define HAVE_SYS_SYSINFO_H 1
| #define HAVE_STDINT_H 1
| #define HAVE_STDIO_EXT_H 1
| #define HAVE_SYS_WAIT_H 1
| #define TIME_WITH_SYS_TIME 1
| #define STDC_HEADERS 1
| #define HAVE_SYS_TYPES_H 1
| #define HAVE_SYS_STAT_H 1
| #define HAVE_STDLIB_H 1
| #define HAVE_STRING_H 1
| #define HAVE_MEMORY_H 1
| #define HAVE_STRINGS_H 1
| #define HAVE_INTTYPES_H 1
| #define HAVE_STDINT_H 1
| #define HAVE_UNISTD_H 1
| #define SIZEOF_INT 4
| #define UNSIGNED_64BIT_TYPE uint64_t
| #define HAVE_UINTPTR_T 1
| #define HAVE_ASPRINTF 1
| #define HAVE_ATEXIT 1
| #define HAVE_BASENAME 1
| #define HAVE_BCMP 1
| #define HAVE_BCOPY 1
| #define HAVE_BSEARCH 1
| #define HAVE_BZERO 1
| #define HAVE_CALLOC 1
| #define HAVE_CLOCK 1
| #define HAVE_FFS 1
| #define HAVE_GETCWD 1
| #define HAVE_GETPAGESIZE 1
| #define HAVE_GETTIMEOFDAY 1
| #define HAVE_INDEX 1
| #define HAVE_INSQUE 1
| #define HAVE_MEMCHR 1
| #define HAVE_MEMCMP 1
| #define HAVE_MEMCPY 1
| #define HAVE_MEMMOVE 1
| #define HAVE_MEMPCPY 1
| #define HAVE_MEMSET 1
| #define HAVE_MKSTEMPS 1
| #define HAVE_PUTENV 1
| #define HAVE_RANDOM 1
| #define HAVE_RENAME 1
| #define HAVE_RINDEX 1
| #define HAVE_SETENV 1
| #define HAVE_SNPRINTF 1
| #define HAVE_SIGSETMASK 1
| #define HAVE_STPCPY 1
| #define HAVE_STPNCPY 1
| #define HAVE_STRCASECMP 1
| #define HAVE_STRCHR 1
| #define HAVE_STRDUP 1
| #define HAVE_STRNCASECMP 1
| #define HAVE_STRNDUP 1
| #define HAVE_STRRCHR 1
| #define HAVE_STRSTR 1
| #define HAVE_STRTOD 1
| #define HAVE_STRTOL 1
| #define HAVE_STRTOUL 1
| #define HAVE_STRVERSCMP 1
| #define HAVE_TMPNAM 1
| #define HAVE_VASPRINTF 1
| #define HAVE_VFPRINTF 1
| #define HAVE_VPRINTF 1
| #define HAVE_VSNPRINTF 1
| #define HAVE_VSPRINTF 1
| #define HAVE_WAITPID 1
| #define STACK_DIRECTION 1
| #define HAVE_UNISTD_H 1
| #define HAVE_FORK 1
| #define HAVE_VFORK 1
| #define HAVE_WORKING_VFORK 1
| #define HAVE_WORKING_FORK 1
| #define HAVE_GETRUSAGE 1
| #define HAVE_ON_EXIT 1
| #define HAVE_PSIGNAL 1
| #define HAVE_STRERROR 1
| #define HAVE_STRSIGNAL 1
| #define HAVE_SYSCONF 1
| #define HAVE_TIMES 1
| #define HAVE_SBRK 1
| #define HAVE_GETTIMEOFDAY 1
| #define HAVE_REALPATH 1
| #define HAVE_CANONICALIZE_FILE_NAME 1
| /* end confdefs.h.  */
| /* System header to define __stub macros and hopefully few prototypes,
|     which can conflict with char pstat_getstatic (); below.
|     Prefer <limits.h> to <assert.h> if __STDC__ is defined, since
|     <limits.h> exists even on freestanding compilers.  Under hpux,
|     including <limits.h> includes <sys/time.h> and causes problems
|     checking for functions defined therein.  */
| #if defined (__STDC__) && !defined (_HPUX_SOURCE)
| # include <limits.h>
| #else
| # include <assert.h>
| #endif
| /* Override any gcc2 internal prototype to avoid an error.  */
| #ifdef __cplusplus
| extern "C"
| {
| #endif
| /* We use char because int might match the return type of a gcc2
|    builtin and then its argument prototype would still apply.  */
| char pstat_getstatic ();
| /* The GNU C library defines this for functions which it implements
|     to always fail with ENOSYS.  Some functions are actually named
|     something starting with __ and the normal name is an alias.  */
| #if defined (__stub_pstat_getstatic) || defined (__stub___pstat_getstatic)
| choke me
| #else
| char (*f) () = pstat_getstatic;
| #endif
| #ifdef __cplusplus
| }
| #endif
| 
| int
| main ()
| {
| return f != pstat_getstatic;
|   ;
|   return 0;
| }
configure:7194: result: no
configure:7107: checking for pstat_getdynamic
configure:7163: gcc -o conftest -g -O2 -fcommon   conftest.c  >&5
/usr/bin/ld: /tmp/ccWuqLgz.o: in function `main':
/home/runner/work/binutils217/binutils217/libiberty/conftest.c:142:(.text.startup+0x7): undefined reference to `pstat_getdynamic'
/usr/bin/ld: /tmp/ccWuqLgz.o:/home/runner/work/binutils217/binutils217/libiberty/conftest.c:133:(.data.rel+0x0): undefined reference to `pstat_getdynamic'
collect2: error: ld returned 1 exit status
configure:7169: $? = 1
configure: failed program was:
| /* confdefs.h.  */
| 
| #define PACKAGE_NAME ""
| #define PACKAGE_TARNAME ""
| #define PACKAGE_VERSION ""
| #define PACKAGE_STRING ""
| #define PACKAGE_BUGREPORT ""
| #define HAVE_SYS_FILE_H 1
| #define HAVE_SYS_PARAM_H 1
| #define HAVE_LIMITS_H 1
| #define HAVE_STDLIB_H 1
| #define HAVE_MALLOC_H 1
| #define HAVE_STRING_H 1
| #define HAVE_UNISTD_H 1
| #define HAVE_STRINGS_H 1
| #define HAVE_SYS_TIME_H 1
| #define HAVE_TIME_H 1
| #define HAVE_SYS_RESOURCE_H 1
| #define HAVE_SYS_STAT_H 1
| #define HAVE_SYS_MMAN_H 1
| #define HAVE_FCNTL_H 1
| #define HAVE_ALLOCA_H 1
| #define HAVE_SYS_SYSINFO_H 1
| #define HAVE_STDINT_H 1
| #define HAVE_STDIO_EXT_H 1
| #define HAVE_SYS_WAIT_H 1
| #define TIME_WITH_SYS_TIME 1
| #define STDC_HEADERS 1
| #define HAVE_SYS_TYPES_H 1
| #define HAVE_SYS_STAT_H 1
| #define HAVE_STDLIB_H 1
| #define HAVE_STRING_H 1
| #define HAVE_MEMORY_H 1
| #define HAVE_STRINGS_H 1
| #define HAVE_INTTYPES_H 1
| #define HAVE_STDINT_H 1
| #define HAVE_UNISTD_H 1
| #define SIZEOF_INT 4
| #define UNSIGNED_64BIT_TYPE uint64_t
| #define HAVE_UINTPTR_T 1
| #define HAVE_ASPRINTF 1
| #define HAVE_ATEXIT 1
| #define HAVE_BASENAME 1
| #define HAVE_BCMP 1
| #define HAVE_BCOPY 1
| #define HAVE_BSEARCH 1
| #define HAVE_BZERO 1
| #define HAVE_CALLOC 1
| #define HAVE_CLOCK 1
| #define HAVE_FFS 1
| #define HAVE_GETCWD 1
| #define HAVE_GETPAGESIZE 1
| #define HAVE_GETTIMEOFDAY 1
| #define HAVE_INDEX 1
| #define HAVE_INSQUE 1
| #define HAVE_MEMCHR 1
| #define HAVE_MEMCMP 1
| #define HAVE_MEMCPY 1
| #define HAVE_MEMMOVE 1
| #define HAVE_MEMPCPY 1
| #define HAVE_MEMSET 1
| #define HAVE_MKSTEMPS 1
| #define HAVE_PUTENV 1
| #define HAVE_RANDOM 1
| #define HAVE_RENAME 1
| #define HAVE_RINDEX 1
| #define HAVE_SETENV 1
| #define HAVE_SNPRINTF 1
| #define HAVE_SIGSETMASK 1
| #define HAVE_STPCPY 1
| #define HAVE_STPNCPY 1
| #define HAVE_STRCASECMP 1
| #define HAVE_STRCHR 1
| #define HAVE_STRDUP 1
| #define HAVE_STRNCASECMP 1
| #define HAVE_STRNDUP 1
| #define HAVE_STRRCHR 1
| #define HAVE_STRSTR 1
| #define HAVE_STRTOD 1
| #define HAVE_STRTOL 1
| #define HAVE_STRTOUL 1
| #define HAVE_STRVERSCMP 1
| #define HAVE_TMPNAM 1
| #define HAVE_VASPRINTF 1
| #define HAVE_VFPRINTF 1
| #define HAVE_VPRINTF 1
| #define HAVE_VSNPRINTF 1
| #define HAVE_VSPRINTF 1
| #define HAVE_WAITPID 1
| #define STACK_DIRECTION 1
| #define HAVE_UNISTD_H 1
| #define HAVE_FORK 1
| #define HAVE_VFORK 1
| #define HAVE_WORKING_VFORK 1
| #define HAVE_WORKING_FORK 1
| #define HAVE_GETRUSAGE 1
| #define HAVE_ON_EXIT 1
| #define HAVE_PSIGNAL 1
| #define HAVE_STRERROR 1
| #define HAVE_STRSIGNAL 1
| #define HAVE_SYSCONF 1
| #define HAVE_TIMES 1
| #define HAVE_SBRK 1
| #define HAVE_GETTIMEOFDAY 1
| #define HAVE_REALPATH 1
| #define HAVE_CANONICALIZE_FILE_NAME 1
| /* end confdefs.h.  */
| /* System header to define __stub macros and hopefully few prototypes,
|     which can conflict with char pstat_getdynamic (); below.
|     Prefer <limits.h> to <assert.h> if __STDC__ is defined, since
|     <limits.h> exists even on freestanding compilers.  Under hpux,
|     including <limits.h> includes <sys/time.h> and causes problems
|     checking for functions defined therein.  */
| #if defined (__STDC__) && !defined (_HPUX_SOURCE)
| # include <limits.h>
| #else
| # include <assert.h>
| #endif
| /* Override any gcc2 internal prototype to avoid an error.  */
| #ifdef __cplusplus
| extern "C"
| {
| #endif
| /* We use char because int might match the return type of a gcc2
|    builtin and then its argument prototype would still apply.  */
| char pstat_getdynamic ();
| /* The GNU C library defines this for functions which it implements
|     to always fail with ENOSYS.  Some functions are actually named
|     something starting with __ and the normal name is an alias.  */
| #if defined (__stub_pstat_getdynamic) || defined (__stub___pstat_getdynamic)
| choke me
| #else
| char (*f) () = pstat_getdynamic;
| #endif
| #ifdef __cplusplus
| }
| #endif
| 
| int
| main ()
| {
| return f != pstat_getdynamic;
|   ;
|   return 0;
| }
configure:7194: result: no
configure:7107: checking for sysmp
configure:7163: gcc -o conftest -g -O2 -fcommon   conftest.c  >&5
/usr/bin/ld: /tmp/ccs0sYxz.o: in function `main':
/home/runner/work/binutils217/binutils217/libiberty/conftest.c:142:(.text.startup+0x7): undefined reference to `sysmp'
/usr/bin/ld: /tmp/ccs0sYxz.o:/home/runner/work/binutils217/binutils217/libiberty/conftest.c:133:(.data.rel+0x0): undefined reference to `sysmp'
collect2: error: ld returned 1 exit status
configure:7169: $? = 1
configure: failed program was:
| /* confdefs.h.  */
| 
| #define PACKAGE_NAME ""
| #define PACKAGE_TARNAME ""
| #define PACKAGE_VERSION ""
| #define PACKAGE_STRING ""
| #define PACKAGE_BUGREPORT ""
| #define HAVE_SYS_FILE_H 1
| #define HAVE_SYS_PARAM_H 1
| #define HAVE_LIMITS_H 1
| #define HAVE_STDLIB_H 1
| #define HAVE_MALLOC_H 1
| #define HAVE_STRING_H 1
| #define HAVE_UNISTD_H 1
| #define HAVE_STRINGS_H 1
| #define HAVE_SYS_TIME_H 1
| #define HAVE_TIME_H 1
| #define HAVE_SYS_RESOURCE_H 1
| #define HAVE_SYS_STAT_H 1
| #define HAVE_SYS_MMAN_H 1
| #define HAVE_FCNTL_H 1
| #define HAVE_ALLOCA_H 1
| #define HAVE_SYS_SYSINFO_H 1
| #define HAVE_STDINT_H 1
| #define HAVE_STDIO_EXT_H 1
| #define HAVE_SYS_WAIT_H 1
| #define TIME_WITH_SYS_TIME 1
| #define STDC_HEADERS 1
| #define HAVE_SYS_TYPES_H 1
| #define HAVE_SYS_STAT_H 1
| #define HAVE_STDLIB_H 1
| #define HAVE_STRING_H 1
| #define HAVE_MEMORY_H 1
| #define HAVE_STRINGS_H 1
| #define HAVE_INTTYPES_H 1
| #define HAVE_STDINT_H 1
| #define HAVE_UNISTD_H 1
| #define SIZEOF_INT 4
| #define UNSIGNED_64BIT_TYPE uint64_t
| #define HAVE_UINTPTR_T 1
| #define HAVE_ASPRINTF 1
| #define HAVE_ATEXIT 1
| #define HAVE_BASENAME 1
| #define HAVE_BCMP 1
| #define HAVE_BCOPY 1
| #define HAVE_BSEARCH 1
| #define HAVE_BZERO 1
| #define HAVE_CALLOC 1
| #define HAVE_CLOCK 1
| #define HAVE_FFS 1
| #define HAVE_GETCWD 1
| #define HAVE_GETPAGESIZE 1
| #define HAVE_GETTIMEOFDAY 1
| #define HAVE_INDEX 1
| #define HAVE_INSQUE 1
| #define HAVE_MEMCHR 1
| #define HAVE_MEMCMP 1
| #define HAVE_MEMCPY 1
| #define HAVE_MEMMOVE 1
| #define HAVE_MEMPCPY 1
| #define HAVE_MEMSET 1
| #define HAVE_MKSTEMPS 1
| #define HAVE_PUTENV 1
| #define HAVE_RANDOM 1
| #define HAVE_RENAME 1
| #define HAVE_RINDEX 1
| #define HAVE_SETENV 1
| #define HAVE_SNPRINTF 1
| #define HAVE_SIGSETMASK 1
| #define HAVE_STPCPY 1
| #define HAVE_STPNCPY 1
| #define HAVE_STRCASECMP 1
| #define HAVE_STRCHR 1
| #define HAVE_STRDUP 1
| #define HAVE_STRNCASECMP 1
| #define HAVE_STRNDUP 1
| #define HAVE_STRRCHR 1
| #define HAVE_STRSTR 1
| #define HAVE_STRTOD 1
| #define HAVE_STRTOL 1
| #define HAVE_STRTOUL 1
| #define HAVE_STRVERSCMP 1
| #define HAVE_TMPNAM 1
| #define HAVE_VASPRINTF 1
| #define HAVE_VFPRINTF 1
| #define HAVE_VPRINTF 1
| #define HAVE_VSNPRINTF 1
| #define HAVE_VSPRINTF 1
| #define HAVE_WAITPID 1
| #define STACK_DIRECTION 1
| #define HAVE_UNISTD_H 1
| #define HAVE_FORK 1
| #define HAVE_VFORK 1
| #define HAVE_WORKING_VFORK 1
| #define HAVE_WORKING_FORK 1
| #define HAVE_GETRUSAGE 1
| #define HAVE_ON_EXIT 1
| #define HAVE_PSIGNAL 1
| #define HAVE_STRERROR 1
| #define HAVE_STRSIGNAL 1
| #define HAVE_SYSCONF 1
| #define HAVE_TIMES 1
| #define HAVE_SBRK 1
| #define HAVE_GETTIMEOFDAY 1
| #define HAVE_REALPATH 1
| #define HAVE_CANONICALIZE_FILE_NAME 1
| /* end confdefs.h.  */
| /* System header to define __stub macros and hopefully few prototypes,
|     which can conflict with char sysmp (); below.
|     Prefer <limits.h> to <assert.h> if __STDC__ is defined, since
|     <limits.h> exists even on freestanding compilers.  Under hpux,
|     including <limits.h> includes <sys/time.h> and causes problems
|     checking for functions defined therein.  */
| #if defined (__STDC__) && !defined (_HPUX_SOURCE)
| # include <limits.h>
| #else
| # include <assert.h>
| #endif
| /* Override any gcc2 internal prototype to avoid an error.  */
| #ifdef __cplusplus
| extern "C"
| {
| #endif
| /* We use char because int might match the return type of a gcc2
|    builtin and then its argument prototype would still apply.  */
| char sysmp ();
| /* The GNU C library defines this for functions which it implements
|     to always fail with ENOSYS.  Some functions are actually named
|     something starting with __ and the normal name is an alias.  */
| #if defined (__stub_sysmp) || defined (__stub___sysmp)
| choke me
| #else
| char (*f) () = sysmp;
| #endif
| #ifdef __cplusplus
| }
| #endif
| 
| int
| main ()
| {
| return f != sysmp;
|   ;
|   return 0;
| }
configure:7194: result: no
configure:7107: checking for getsysinfo
configure:7163: gcc -o conftest -g -O2 -fcommon   conftest.c  >&5
/usr/bin/ld: /tmp/ccXgUfWU.o: in function `main':
/home/runner/work/binutils217/binutils217/libiberty/conftest.c:142:(.text.startup+0x7): undefined reference to `getsysinfo'
/usr/bin/ld: /tmp/ccXgUfWU.o:/home/runner/work/binutils217/binutils217/libiberty/conftest.c:133:(.data.rel+0x0): undefined reference to `getsysinfo'
collect2: error: ld returned 1 exit status
configure:7169: $? = 1
configure: failed program was:
| /* confdefs.h.  */
| 
| #define PACKAGE_NAME ""
| #define PACKAGE_TARNAME ""
| #define PACKAGE_VERSION ""
| #define PACKAGE_STRING ""
| #define PACKAGE_BUGREPORT ""
| #define HAVE_SYS_FILE_H 1
| #define HAVE_SYS_PARAM_H 1
| #define HAVE_LIMITS_H 1
| #define HAVE_STDLIB_H 1
| #define HAVE_MALLOC_H 1
| #define HAVE_STRING_H 1
| #define HAVE_UNISTD_H 1
| #define HAVE_STRINGS_H 1
| #define HAVE_SYS_TIME_H 1
| #define HAVE_TIME_H 1
| #define HAVE_SYS_RESOURCE_H 1
| #define HAVE_SYS_STAT_H 1
| #define HAVE_SYS_MMAN_H 1
| #define HAVE_FCNTL_H 1
| #define HAVE_ALLOCA_H 1
| #define HAVE_SYS_SYSINFO_H 1
| #define HAVE_STDINT_H 1
| #define HAVE_STDIO_EXT_H 1
| #define HAVE_SYS_WAIT_H 1
| #define TIME_WITH_SYS_TIME 1
| #define STDC_HEADERS 1
| #define HAVE_SYS_TYPES_H 1
| #define HAVE_SYS_STAT_H 1
| #define HAVE_STDLIB_H 1
| #define HAVE_STRING_H 1
| #define HAVE_MEMORY_H 1
| #define HAVE_STRINGS_H 1
| #define HAVE_INTTYPES_H 1
| #define HAVE_STDINT_H 1
| #define HAVE_UNISTD_H 1
| #define SIZEOF_INT 4
| #define UNSIGNED_64BIT_TYPE uint64_t
| #define HAVE_UINTPTR_T 1
| #define HAVE_ASPRINTF 1
| #define HAVE_ATEXIT 1
| #define HAVE_BASENAME 1
| #define HAVE_BCMP 1
| #define HAVE_BCOPY 1
| #define HAVE_BSEARCH 1
| #define HAVE_BZERO 1
| #define HAVE_CALLOC 1
| #define HAVE_CLOCK 1
| #define HAVE_FFS 1
| #define HAVE_GETCWD 1
| #define HAVE_GETPAGESIZE 1
| #define HAVE_GETTIMEOFDAY 1
| #define HAVE_INDEX 1
| #define HAVE_INSQUE 1
| #define HAVE_MEMCHR 1
| #define HAVE_MEMCMP 1
| #define HAVE_MEMCPY 1
| #define HAVE_MEMMOVE 1
| #define HAVE_MEMPCPY 1
| #define HAVE_MEMSET 1
| #define HAVE_MKSTEMPS 1
| #define HAVE_PUTENV 1
| #define HAVE_RANDOM 1
| #define HAVE_RENAME 1
| #define HAVE_RINDEX 1
| #define HAVE_SETENV 1
| #define HAVE_SNPRINTF 1
| #define HAVE_SIGSETMASK 1
| #define HAVE_STPCPY 1
| #define HAVE_STPNCPY 1
| #define HAVE_STRCASECMP 1
| #define HAVE_STRCHR 1
| #define HAVE_STRDUP 1
| #define HAVE_STRNCASECMP 1
| #define HAVE_STRNDUP 1
| #define HAVE_STRRCHR 1
| #define HAVE_STRSTR 1
| #define HAVE_STRTOD 1
| #define HAVE_STRTOL 1
| #define HAVE_STRTOUL 1
| #define HAVE_STRVERSCMP 1
| #define HAVE_TMPNAM 1
| #define HAVE_VASPRINTF 1
| #define HAVE_VFPRINTF 1
| #define HAVE_VPRINTF 1
| #define HAVE_VSNPRINTF 1
| #define HAVE_VSPRINTF 1
| #define HAVE_WAITPID 1
| #define STACK_DIRECTION 1
| #define HAVE_UNISTD_H 1
| #define HAVE_FORK 1
| #define HAVE_VFORK 1
| #define HAVE_WORKING_VFORK 1
| #define HAVE_WORKING_FORK 1
| #define HAVE_GETRUSAGE 1
| #define HAVE_ON_EXIT 1
| #define HAVE_PSIGNAL 1
| #define HAVE_STRERROR 1
| #define HAVE_STRSIGNAL 1
| #define HAVE_SYSCONF 1
| #define HAVE_TIMES 1
| #define HAVE_SBRK 1
| #define HAVE_GETTIMEOFDAY 1
| #define HAVE_REALPATH 1
| #define HAVE_CANONICALIZE_FILE_NAME 1
| /* end confdefs.h.  */
| /* System header to define __stub macros and hopefully few prototypes,
|     which can conflict with char getsysinfo (); below.
|     Prefer <limits.h> to <assert.h> if __STDC__ is defined, since
|     <limits.h> exists even on freestanding compilers.  Under hpux,
|     including <limits.h> includes <sys/time.h> and causes problems
|     checking for functions defined therein.  */
| #if defined (__STDC__) && !defined (_HPUX_SOURCE)
| # include <limits.h>
| #else
| # include <assert.h>
| #endif
| /* Override any gcc2 internal prototype to avoid an error.  */
| #ifdef __cplusplus
| extern "C"
| {
| #endif
| /* We use char because int might match the return type of a gcc2
|    builtin and then its argument prototype would still apply.  */
| char getsysinfo ();
| /* The GNU C library defines this for functions which it implements
|     to always fail with ENOSYS.  Some functions are actually named
|     something starting with __ and the normal name is an alias.  */
| #if defined (__stub_getsysinfo) || defined (__stub___getsysinfo)
| choke me
| #else
| char (*f) () = getsysinfo;
| #endif
| #ifdef __cplusplus
| }
| #endif
| 
| int
| main ()
| {
| return f != getsysinfo;
|   ;
|   return 0;
| }
configure:7194: result: no
configure:7107: checking for table
configure:7163: gcc -o conftest -g -O2 -fcommon   conftest.c  >&5
/usr/bin/ld: /tmp/ccOXPM1O.o: in function `main':
/home/runner/work/binutils217/binutils217/libiberty/conftest.c:142:(.text.startup+0x7): undefined reference to `table'
/usr/bin/ld: /tmp/ccOXPM1O.o:/home/runner/work/binutils217/binutils217/libiberty/conftest.c:133:(.data.rel+0x0): undefined reference to `table'
collect2: error: ld returned 1 exit status
configure:7169: $? = 1
configure: failed program was:
| /* confdefs.h.  */
| 
| #define PACKAGE_NAME ""
| #define PACKAGE_TARNAME ""
| #define PACKAGE_VERSION ""
| #define PACKAGE_STRING ""
| #define PACKAGE_BUGREPORT ""
| #define HAVE_SYS_FILE_H 1
| #define HAVE_SYS_PARAM_H 1
| #define HAVE_LIMITS_H 1
| #define HAVE_STDLIB_H 1
| #define HAVE_MALLOC_H 1
| #define HAVE_STRING_H 1
| #define HAVE_UNISTD_H 1
| #define HAVE_STRINGS_H 1
| #define HAVE_SYS_TIME_H 1
| #define HAVE_TIME_H 1
| #define HAVE_SYS_RESOURCE_H 1
| #define HAVE_SYS_STAT_H 1
| #define HAVE_SYS_MMAN_H 1
| #define HAVE_FCNTL_H 1
| #define HAVE_ALLOCA_H 1
| #define HAVE_SYS_SYSINFO_H 1
| #define HAVE_STDINT_H 1
| #define HAVE_STDIO_EXT_H 1
| #define HAVE_SYS_WAIT_H 1
| #define TIME_WITH_SYS_TIME 1
| #define STDC_HEADERS 1
| #define HAVE_SYS_TYPES_H 1
| #define HAVE_SYS_STAT_H 1
| #define HAVE_STDLIB_H 1
| #define HAVE_STRING_H 1
| #define HAVE_MEMORY_H 1
| #define HAVE_STRINGS_H 1
| #define HAVE_INTTYPES_H 1
| #define HAVE_STDINT_H 1
| #define HAVE_UNISTD_H 1
| #define SIZEOF_INT 4
| #define UNSIGNED_64BIT_TYPE uint64_t
| #define HAVE_UINTPTR_T 1
| #define HAVE_ASPRINTF 1
| #define HAVE_ATEXIT 1
| #define HAVE_BASENAME 1
| #define HAVE_BCMP 1
| #define HAVE_BCOPY 1
| #define HAVE_BSEARCH 1
| #define HAVE_BZERO 1
| #define HAVE_CALLOC 1
| #define HAVE_CLOCK 1
| #define HAVE_FFS 1
| #define HAVE_GETCWD 1
| #define HAVE_GETPAGESIZE 1
| #define HAVE_GETTIMEOFDAY 1
| #define HAVE_INDEX 1
| #define HAVE_INSQUE 1
| #define HAVE_MEMCHR 1
| #define HAVE_MEMCMP 1
| #define HAVE_MEMCPY 1
| #define HAVE_MEMMOVE 1
| #define HAVE_MEMPCPY 1
| #define HAVE_MEMSET 1
| #define HAVE_MKSTEMPS 1
| #define HAVE_PUTENV 1
| #define HAVE_RANDOM 1
| #define HAVE_RENAME 1
| #define HAVE_RINDEX 1
| #define HAVE_SETENV 1
| #define HAVE_SNPRINTF 1
| #define HAVE_SIGSETMASK 1
| #define HAVE_STPCPY 1
| #define HAVE_STPNCPY 1
| #define HAVE_STRCASECMP 1
| #define HAVE_STRCHR 1
| #define HAVE_STRDUP 1
| #define HAVE_STRNCASECMP 1
| #define HAVE_STRNDUP 1
| #define HAVE_STRRCHR 1
| #define HAVE_STRSTR 1
| #define HAVE_STRTOD 1
| #define HAVE_STRTOL 1
| #define HAVE_STRTOUL 1
| #define HAVE_STRVERSCMP 1
| #define HAVE_TMPNAM 1
| #define HAVE_VASPRINTF 1
| #define HAVE_VFPRINTF 1
| #define HAVE_VPRINTF 1
| #define HAVE_VSNPRINTF 1
| #define HAVE_VSPRINTF 1
| #define HAVE_WAITPID 1
| #define STACK_DIRECTION 1
| #define HAVE_UNISTD_H 1
| #define HAVE_FORK 1
| #define HAVE_VFORK 1
| #define HAVE_WORKING_VFORK 1
| #define HAVE_WORKING_FORK 1
| #define HAVE_GETRUSAGE 1
| #define HAVE_ON_EXIT 1
| #define HAVE_PSIGNAL 1
| #define HAVE_STRERROR 1
| #define HAVE_STRSIGNAL 1
| #define HAVE_SYSCONF 1
| #define HAVE_TIMES 1
| #define HAVE_SBRK 1
| #define HAVE_GETTIMEOFDAY 1
| #define HAVE_REALPATH 1
| #define HAVE_CANONICALIZE_FILE_NAME 1
| /* end confdefs.h.  */
| /* System header to define __stub macros and hopefully few prototypes,
|     which can conflict with char table (); below.
|     Prefer <limits.h> to <assert.h> if __STDC__ is defined, since
|     <limits.h> exists even on freestanding compilers.  Under hpux,
|     including <limits.h> includes <sys/time.h> and causes problems
|     checking for functions defined therein.  */
| #if defined (__STDC__) && !defined (_HPUX_SOURCE)
| # include <limits.h>
| #else
| # include <assert.h>
| #endif
| /* Override any gcc2 internal prototype to avoid an error.  */
| #ifdef __cplusplus
| extern "C"
| {
| #endif
| /* We use char because int might match the return type of a gcc2
|    builtin and then its argument prototype would still apply.  */
| char table ();
| /* The GNU C library defines this for functions which it implements
|     to always fail with ENOSYS.  Some functions are actually named
|     something starting with __ and the normal name is an alias.  */
| #if defined (__stub_table) || defined (__stub___table)
| choke me
| #else
| char (*f) () = table;
| #endif
| #ifdef __cplusplus
| }
| #endif
| 
| int
| main ()
| {
| return f != table;
|   ;
|   return 0;
| }
configure:7194: result: no
configure:7107: checking for sysctl
configure:7163: gcc -o conftest -g -O2 -fcommon   conftest.c  >&5
/usr/bin/ld: /tmp/ccDWPg9r.o: in function `main':
/home/runner/work/binutils217/binutils217/libiberty/conftest.c:142:(.text.startup+0x7): undefined reference to `sysctl'
/usr/bin/ld: /tmp/ccDWPg9r.o:/home/runner/work/binutils217/binutils217/libiberty/conftest.c:133:(.data.rel+0x0): undefined reference to `sysctl'
collect2: error: ld returned 1 exit status
configure:7169: $? = 1
configure: failed program was:
| /* confdefs.h.  */
| 
| #define PACKAGE_NAME ""
| #define PACKAGE_TARNAME ""
| #define PACKAGE_VERSION ""
| #define PACKAGE_STRING ""
| #define PACKAGE_BUGREPORT ""
| #define HAVE_SYS_FILE_H 1
| #define HAVE_SYS_PARAM_H 1
| #define HAVE_LIMITS_H 1
| #define HAVE_STDLIB_H 1
| #define HAVE_MALLOC_H 1
| #define HAVE_STRING_H 1
| #define HAVE_UNISTD_H 1
| #define HAVE_STRINGS_H 1
| #define HAVE_SYS_TIME_H 1
| #define HAVE_TIME_H 1
| #define HAVE_SYS_RESOURCE_H 1
| #define HAVE_SYS_STAT_H 1
| #define HAVE_SYS_MMAN_H 1
| #define HAVE_FCNTL_H 1
| #define HAVE_ALLOCA_H 1
| #define HAVE_SYS_SYSINFO_H 1
| #define HAVE_STDINT_H 1
| #define HAVE_STDIO_EXT_H 1
| #define HAVE_SYS_WAIT_H 1
| #define TIME_WITH_SYS_TIME 1
| #define STDC_HEADERS 1
| #define HAVE_SYS_TYPES_H 1
| #define HAVE_SYS_STAT_H 1
| #define HAVE_STDLIB_H 1
| #define HAVE_STRING_H 1
| #define HAVE_MEMORY_H 1
| #define HAVE_STRINGS_H 1
| #define HAVE_INTTYPES_H 1
| #define HAVE_STDINT_H 1
| #define HAVE_UNISTD_H 1
| #define SIZEOF_INT 4
| #define UNSIGNED_64BIT_TYPE uint64_t
| #define HAVE_UINTPTR_T 1
| #define HAVE_ASPRINTF 1
| #define HAVE_ATEXIT 1
| #define HAVE_BASENAME 1
| #define HAVE_BCMP 1
| #define HAVE_BCOPY 1
| #define HAVE_BSEARCH 1
| #define HAVE_BZERO 1
| #define HAVE_CALLOC 1
| #define HAVE_CLOCK 1
| #define HAVE_FFS 1
| #define HAVE_GETCWD 1
| #define HAVE_GETPAGESIZE 1
| #define HAVE_GETTIMEOFDAY 1
| #define HAVE_INDEX 1
| #define HAVE_INSQUE 1
| #define HAVE_MEMCHR 1
| #define HAVE_MEMCMP 1
| #define HAVE_MEMCPY 1
| #define HAVE_MEMMOVE 1
| #define HAVE_MEMPCPY 1
| #define HAVE_MEMSET 1
| #define HAVE_MKSTEMPS 1
| #define HAVE_PUTENV 1
| #define HAVE_RANDOM 1
| #define HAVE_RENAME 1
| #define HAVE_RINDEX 1
| #define HAVE_SETENV 1
| #define HAVE_SNPRINTF 1
| #define HAVE_SIGSETMASK 1
| #define HAVE_STPCPY 1
| #define HAVE_STPNCPY 1
| #define HAVE_STRCASECMP 1
| #define HAVE_STRCHR 1
| #define HAVE_STRDUP 1
| #define HAVE_STRNCASECMP 1
| #define HAVE_STRNDUP 1
| #define HAVE_STRRCHR 1
| #define HAVE_STRSTR 1
| #define HAVE_STRTOD 1
| #define HAVE_STRTOL 1
| #define HAVE_STRTOUL 1
| #define HAVE_STRVERSCMP 1
| #define HAVE_TMPNAM 1
| #define HAVE_VASPRINTF 1
| #define HAVE_VFPRINTF 1
| #define HAVE_VPRINTF 1
| #define HAVE_VSNPRINTF 1
| #define HAVE_VSPRINTF 1
| #define HAVE_WAITPID 1
| #define STACK_DIRECTION 1
| #define HAVE_UNISTD_H 1
| #define HAVE_FORK 1
| #define HAVE_VFORK 1
| #define HAVE_WORKING_VFORK 1
| #define HAVE_WORKING_FORK 1
| #define HAVE_GETRUSAGE 1
| #define HAVE_ON_EXIT 1
| #define HAVE_PSIGNAL 1
| #define HAVE_STRERROR 1
| #define HAVE_STRSIGNAL 1
| #define HAVE_SYSCONF 1
| #define HAVE_TIMES 1
| #define HAVE_SBRK 1
| #define HAVE_GETTIMEOFDAY 1
| #define HAVE_REALPATH 1
| #define HAVE_CANONICALIZE_FILE_NAME 1
| /* end confdefs.h.  */
| /* System header to define __stub macros and hopefully few prototypes,
|     which can conflict with char sysctl (); below.
|     Prefer <limits.h> to <assert.h> if __STDC__ is defined, since
|     <limits.h> exists even on freestanding compilers.  Under hpux,
|     including <limits.h> includes <sys/time.h> and causes problems
|     checking for functions defined therein.  */
| #if defined (__STDC__) && !defined (_HPUX_SOURCE)
| # include <limits.h>
| #else
| # include <assert.h>
| #endif
| /* Override any gcc2 internal prototype to avoid an error.  */
| #ifdef __cplusplus
| extern "C"
| {
| #endif
| /* We use char because int might match the return type of a gcc2
|    builtin and then its argument prototype would still apply.  */
| char sysctl ();
| /* The GNU C library defines this for functions which it implements
|     to always fail with ENOSYS.  Some functions are actually named
|     something starting with __ and the normal name is an alias.  */
| #if defined (__stub_sysctl) || defined (__stub___sysctl)
| choke me
| #else
| char (*f) () = sysctl;
| #endif
| #ifdef __cplusplus
| }
| #endif
| 
| int
| main ()
| {
| return f != sysctl;
|   ;
|   return 0;
| }
configure:7194: result: no
configure:7107: checking for wait3
configure:7163: gcc -o conftest -g -O2 -fcommon   conftest.c  >&5
configure:7169: $? = 0
configure:7173: test -z 
			 || test ! -s conftest.err
configure:7176: $? = 0
configure:7179: test -s conftest
configure:7182: $? = 0
configure:7194: result: yes
configure:7107: checking for wait4
configure:7163: gcc -o conftest -g -O2 -fcommon   conftest.c  >&5
configure:7169: $? = 0
configure:7173: test -z 
			 || test ! -s conftest.err
configure:7176: $? = 0
configure:7179: test -s conftest
configure:7182: $? = 0
configure:7194: result: yes
configure:7107: checking for __fsetlocking
configure:7163: gcc -o conftest -g -O2 -fcommon   conftest.c  >&5
configure:7169: $? = 0
configure:7173: test -z 
			 || test ! -s conftest.err
configure:7176: $? = 0
configure:7179: test -s conftest
configure:7182: $? = 0
configure:7194: result: yes
configure:7204: checking whether basename is declared
configure:7228: gcc -c -g -O2 -fcommon  conftest.c >&5
conftest.c: In function 'main':
conftest.c:149:22: error: 'basename' undeclared (first use in this function); did you mean 'rename'?
  149 |   char *p = (char *) basename;
      |                      ^~~~~~~~
      |                      rename
conftest.c:149:22: note: each undeclared identifier is reported only once for each function it appears in
configure:7234: $? = 1
configure: failed program was:
| /* confdefs.h.  */
| 
| #define PACKAGE_NAME ""
| #define PACKAGE_TARNAME ""
| #define PACKAGE_VERSION ""
| #define PACKAGE_STRING ""
| #define PACKAGE_BUGREPORT ""
| #define HAVE_SYS_FILE_H 1
| #define HAVE_SYS_PARAM_H 1
| #define HAVE_LIMITS_H 1
| #define HAVE_STDLIB_H 1
| #define HAVE_MALLOC_H 1
| #define HAVE_STRING_H 1
| #define HAVE_UNISTD_H 1
| #define HAVE_STRINGS_H 1
| #define HAVE_SYS_TIME_H 1
| #define HAVE_TIME_H 1
| #define HAVE_SYS_RESOURCE_H 1
| #define HAVE_SYS_STAT_H 1
| #define HAVE_SYS_MMAN_H 1
| #define HAVE_FCNTL_H 1
| #define HAVE_ALLOCA_H 1
| #define HAVE_SYS_SYSINFO_H 1
| #define HAVE_STDINT_H 1
| #define HAVE_STDIO_EXT_H 1
| #define HAVE_SYS_WAIT_H 1
| #define TIME_WITH_SYS_TIME 1
| #define STDC_HEADERS 1
| #define HAVE_SYS_TYPES_H 1
| #define HAVE_SYS_STAT_H 1
| #define HAVE_STDLIB_H 1
| #define HAVE_STRING_H 1
| #define HAVE_MEMORY_H 1
| #define HAVE_STRINGS_H 1
| #define HAVE_INTTYPES_H 1
| #define HAVE_STDINT_H 1
| #define HAVE_UNISTD_H 1
| #define SIZEOF_INT 4
| #define UNSIGNED_64BIT_TYPE uint64_t
| #define HAVE_UINTPTR_T 1
| #define HAVE_ASPRINTF 1
| #define HAVE_ATEXIT 1
| #define HAVE_BASENAME 1
| #define HAVE_BCMP 1
| #define HAVE_BCOPY 1
| #define HAVE_BSEARCH 1
| #define HAVE_BZERO 1
| #define HAVE_CALLOC 1
| #define HAVE_CLOCK 1
| #define HAVE_FFS 1
| #define HAVE_GETCWD 1
| #define HAVE_GETPAGESIZE 1
| #define HAVE_GETTIMEOFDAY 1
| #define HAVE_INDEX 1
| #define HAVE_INSQUE 1
| #define HAVE_MEMCHR 1
| #define HAVE_MEMCMP 1
| #define HAVE_MEMCPY 1
| #define HAVE_MEMMOVE 1
| #define HAVE_MEMPCPY 1
| #define HAVE_MEMSET 1
| #define HAVE_MKSTEMPS 1
| #define HAVE_PUTENV 1
| #define HAVE_RANDOM 1
| #define HAVE_RENAME 1
| #define HAVE_RINDEX 1
| #define HAVE_SETENV 1
| #define HAVE_SNPRINTF 1
| #define HAVE_SIGSETMASK 1
| #define HAVE_STPCPY 1
| #define HAVE_STPNCPY 1
| #define HAVE_STRCASECMP 1
| #define HAVE_STRCHR 1
| #define HAVE_STRDUP 1
| #define HAVE_STRNCASECMP 1
| #define HAVE_STRNDUP 1
| #define HAVE_STRRCHR 1
| #define HAVE_STRSTR 1
| #define HAVE_STRTOD 1
| #define HAVE_STRTOL 1
| #define HAVE_STRTOUL 1
| #define HAVE_STRVERSCMP 1
| #define HAVE_TMPNAM 1
| #define HAVE_VASPRINTF 1
| #define HAVE_VFPRINTF 1
| #define HAVE_VPRINTF 1
| #define HAVE_VSNPRINTF 1
| #define HAVE_VSPRINTF 1
| #define HAVE_WAITPID 1
| #define STACK_DIRECTION 1
| #define HAVE_UNISTD_H 1
| #define HAVE_FORK 1
| #define HAVE_VFORK 1
| #define HAVE_WORKING_VFORK 1
| #define HAVE_WORKING_FORK 1
| #define HAVE_GETRUSAGE 1
| #define HAVE_ON_EXIT 1
| #define HAVE_PSIGNAL 1
| #define HAVE_STRERROR 1
| #define HAVE_STRSIGNAL 1
| #define HAVE_SYSCONF 1
| #define HAVE_TIMES 1
| #define HAVE_SBRK 1
| #define HAVE_GETTIMEOFDAY 1
| #define HAVE_REALPATH 1
| #define HAVE_CANONICALIZE_FILE_NAME 1
| #define HAVE_WAIT3 1
| #define HAVE_WAIT4 1
| #define HAVE___FSETLOCKING 1
| /* end confdefs.h.  */
| #include <stdio.h>
| #if HAVE_SYS_TYPES_H
| # include <sys/types.h>
| #endif
| #if HAVE_SYS_STAT_H
| # include <sys/stat.h>
| #endif
| #if STDC_HEADERS
| # include <stdlib.h>
| # include <stddef.h>
| #else
| # if HAVE_STDLIB_H
| #  include <stdlib.h>
| # endif
| #endif
| #if HAVE_STRING_H
| # if !STDC_HEADERS && HAVE_MEMORY_H
| #  include <memory.h>
| # endif
| # include <string.h>
| #endif
| #if HAVE_STRINGS_H
| # include <strings.h>
| #endif
| #if HAVE_INTTYPES_H
| # include <inttypes.h>
| #else
| # if HAVE_STDINT_H
| #  include <stdint.h>
| # endif
| #endif
| #if HAVE_UNISTD_H
| # include <unistd.h>
| #endif
| int
| main ()
| {
| #ifndef basename
|   char *p = (char *) basename;
| #endif
| 
|   ;
|   return 0;
| }
configure:7258: result: no
configure:7274: checking whether ffs is declared
configure:7298: gcc -c -g -O2 -fcommon  conftest.c >&5
configure:7304: $? = 0
configure:7308: test -z 
			 || test ! -s conftest.err
configure:7311: $? = 0
configure:7314: test -s conftest.o
configure:7317: $? = 0
configure:7328: result: yes
configure:7344: checking whether asprintf is declared
configure:7368: gcc -c -g -O2 -fcommon  conftest.c >&5
configure:7374: $? = 0
configure:7378: test -z 
			 || test ! -s conftest.err
configure:7381: $? = 0
configure:7384: test -s conftest.o
configure:7387: $? = 0
configure:7398: result: yes
configure:7414: checking whether vasprintf is declared
configure:7438: gcc -c -g -O2 -fcommon  conftest.c >&5
configure:7444: $? = 0
configure:7448: test -z 
			 || test ! -s conftest.err
configure:7451: $? = 0
configure:7454: test -s conftest.o
configure:7457: $? = 0
configure:7468: result: yes
configure:7484: checking whether snprintf is declared
configure:7508: gcc -c -g -O2 -fcommon  conftest.c >&5
configure:7514: $? = 0
configure:7518: test -z 
			 || test ! -s conftest.err
configure:7521: $? = 0
configure:7524: test -s conftest.o
configure:7527: $? = 0
configure:7538: result: yes
configure:7554: checking whether vsnprintf is declared
configure:7578: gcc -c -g -O2 -fcommon  conftest.c >&5
configure:7584: $? = 0
configure:7588: test -z 
			 || test ! -s conftest.err
configure:7591: $? = 0
configure:7594: test -s conftest.o
configure:7597: $? = 0
configure:7608: result: yes
configure:7626: checking whether calloc is declared
configure:7650: gcc -c -g -O2 -fcommon  conftest.c >&5
configure:7656: $? = 0
configure:7660: test -z 
			 || test ! -s conftest.err
configure:7663: $? = 0
configure:7666: test -s conftest.o
configure:7669: $? = 0
configure:7680: result: yes
configure:7696: checking whether getenv is declared
configure:7720: gcc -c -g -O2 -fcommon  conftest.c >&5
configure:7726: $? = 0
configure:7730: test -z 
			 || test ! -s conftest.err
configure:7733: $? = 0
configure:7736: test -s conftest.o
configure:7739: $? = 0
configure:7750: result: yes
configure:7766: checking whether getopt is declared
configure:7790: gcc -c -g -O2 -fcommon  conftest.c >&5
configure:7796: $? = 0
configure:7800: test -z 
			 || test ! -s conftest.err
configure:7803: $? = 0
configure:7806: test -s conftest.o
configure:7809: $? = 0
configure:7820: result: yes
configure:7836: checking whether malloc is declared
configure:7860: gcc -c -g -O2 -fcommon  conftest.c >&5
configure:7866: $? = 0
configure:7870: test -z 
			 || test ! -s conftest.err
configure:7873: $? = 0
configure:7876: test -s conftest.o
configure:7879: $? = 0
configure:7890: result: yes
configure:7906: checking whether realloc is declared
configure:7930: gcc -c -g -O2 -fcommon  conftest.c >&5
configure:7936: $? = 0
configure:7940: test -z 
			 || test ! -s conftest.err
configure:7943: $? = 0
configure:7946: test -s conftest.o
configure:7949: $? = 0
configure:7960: result: yes
configure:7976: checking whether sbrk is declared
configure:8000: gcc -c -g -O2 -fcommon  conftest.c >&5
configure:8006: $? = 0
configure:8010: test -z 
			 || test ! -s conftest.err
configure:8013: $? = 0
configure:8016: test -s conftest.o
configure:8019: $? = 0
configure:8030: result: yes
configure:8048: checking whether strverscmp is declared
configure:8072: gcc -c -g -O2 -fcommon  conftest.c >&5
conftest.c: In function 'main':
conftest.c:161:22: error: 'strverscmp' undeclared (first use in this function)
  161 |   char *p = (char *) strverscmp;
      |                      ^~~~~~~~~~
conftest.c:161:22: note: each undeclared identifier is reported only once for each function it appears in
configure:8078: $? = 1
configure: failed program was:
| /* confdefs.h.  */
| 
| #define PACKAGE_NAME ""
| #define PACKAGE_TARNAME ""
| #define PACKAGE_VERSION ""
| #define PACKAGE_STRING ""
| #define PACKAGE_BUGREPORT ""
| #define HAVE_SYS_FILE_H 1
| #define HAVE_SYS_PARAM_H 1
| #define HAVE_LIMITS_H 1
| #define HAVE_STDLIB_H 1
| #define HAVE_MALLOC_H 1
| #define HAVE_STRING_H 1
| #define HAVE_UNISTD_H 1
| #define HAVE_STRINGS_H 1
| #define HAVE_SYS_TIME_H 1
| #define HAVE_TIME_H 1
| #define HAVE_SYS_RESOURCE_H 1
| #define HAVE_SYS_STAT_H 1
| #define HAVE_SYS_MMAN_H 1
| #define HAVE_FCNTL_H 1
| #define HAVE_ALLOCA_H 1
| #define HAVE_SYS_SYSINFO_H 1
| #define HAVE_STDINT_H 1
| #define HAVE_STDIO_EXT_H 1
| #define HAVE_SYS_WAIT_H 1
| #define TIME_WITH_SYS_TIME 1
| #define STDC_HEADERS 1
| #define HAVE_SYS_TYPES_H 1
| #define HAVE_SYS_STAT_H 1
| #define HAVE_STDLIB_H 1
| #define HAVE_STRING_H 1
| #define HAVE_MEMORY_H 1
| #define HAVE_STRINGS_H 1
| #define HAVE_INTTYPES_H 1
| #define HAVE_STDINT_H 1
| #define HAVE_UNISTD_H 1
| #define SIZEOF_INT 4
| #define UNSIGNED_64BIT_TYPE uint64_t
| #define HAVE_UINTPTR_T 1
| #define HAVE_ASPRINTF 1
| #define HAVE_ATEXIT 1
| #define HAVE_BASENAME 1
| #define HAVE_BCMP 1
| #define HAVE_BCOPY 1
| #define HAVE_BSEARCH 1
| #define HAVE_BZERO 1
| #define HAVE_CALLOC 1
| #define HAVE_CLOCK 1
| #define HAVE_FFS 1
| #define HAVE_GETCWD 1
| #define HAVE_GETPAGESIZE 1
| #define HAVE_GETTIMEOFDAY 1
| #define HAVE_INDEX 1
| #define HAVE_INSQUE 1
| #define HAVE_MEMCHR 1
| #define HAVE_MEMCMP 1
| #define HAVE_MEMCPY 1
| #define HAVE_MEMMOVE 1
| #define HAVE_MEMPCPY 1
| #define HAVE_MEMSET 1
| #define HAVE_MKSTEMPS 1
| #define HAVE_PUTENV 1
| #define HAVE_RANDOM 1
| #define HAVE_RENAME 1
| #define HAVE_RINDEX 1
| #define HAVE_SETENV 1
| #define HAVE_SNPRINTF 1
| #define HAVE_SIGSETMASK 1
| #define HAVE_STPCPY 1
| #define HAVE_STPNCPY 1
| #define HAVE_STRCASECMP 1
| #define HAVE_STRCHR 1
| #define HAVE_STRDUP 1
| #define HAVE_STRNCASECMP 1
| #define HAVE_STRNDUP 1
| #define HAVE_STRRCHR 1
| #define HAVE_STRSTR 1
| #define HAVE_STRTOD 1
| #define HAVE_STRTOL 1
| #define HAVE_STRTOUL 1
| #define HAVE_STRVERSCMP 1
| #define HAVE_TMPNAM 1
| #define HAVE_VASPRINTF 1
| #define HAVE_VFPRINTF 1
| #define HAVE_VPRINTF 1
| #define HAVE_VSNPRINTF 1
| #define HAVE_VSPRINTF 1
| #define HAVE_WAITPID 1
| #define STACK_DIRECTION 1
| #define HAVE_UNISTD_H 1
| #define HAVE_FORK 1
| #define HAVE_VFORK 1
| #define HAVE_WORKING_VFORK 1
| #define HAVE_WORKING_FORK 1
| #define HAVE_GETRUSAGE 1
| #define HAVE_ON_EXIT 1
| #define HAVE_PSIGNAL 1
| #define HAVE_STRERROR 1
| #define HAVE_STRSIGNAL 1
| #define HAVE_SYSCONF 1
| #define HAVE_TIMES 1
| #define HAVE_SBRK 1
| #define HAVE_GETTIMEOFDAY 1
| #define HAVE_REALPATH 1
| #define HAVE_CANONICALIZE_FILE_NAME 1
| #define HAVE_WAIT3 1
| #define HAVE_WAIT4 1
| #define HAVE___FSETLOCKING 1
| #define HAVE_DECL_BASENAME 0
| #define HAVE_DECL_FFS 1
| #define HAVE_DECL_ASPRINTF 1
| #define HAVE_DECL_VASPRINTF 1
| #define HAVE_DECL_SNPRINTF 1
| #define HAVE_DECL_VSNPRINTF 1
| #define HAVE_DECL_CALLOC 1
| #define HAVE_DECL_GETENV 1
| #define HAVE_DECL_GETOPT 1
| #define HAVE_DECL_MALLOC 1
| #define HAVE_DECL_REALLOC 1
| #define HAVE_DECL_SBRK 1
| /* end confdefs.h.  */
| #include <stdio.h>
| #if HAVE_SYS_TYPES_H
| # include <sys/types.h>
| #endif
| #if HAVE_SYS_STAT_H
| # include <sys/stat.h>
| #endif
| #if STDC_HEADERS
| # include <stdlib.h>
| # include <stddef.h>
| #else
| # if HAVE_STDLIB_H
| #  include <stdlib.h>
| # endif
| #endif
| #if HAVE_STRING_H
| # if !STDC_HEADERS && HAVE_MEMORY_H
| #  include <memory.h>
| # endif
| # include <string.h>
| #endif
| #if HAVE_STRINGS_H
| # include <strings.h>
| #endif
| #if HAVE_INTTYPES_H
| # include <inttypes.h>
| #else
| # if HAVE_STDINT_H
| #  include <stdint.h>
| # endif
| #endif
| #if HAVE_UNISTD_H
| # include <unistd.h>
| #endif
| int
| main ()
| {
| #ifndef strverscmp
|   char *p = (char *) strverscmp;
| #endif
| 
|   ;
|   return 0;
| }
configure:8102: result: no
configure:8120: checking whether canonicalize_file_name must be declared
configure:8156: gcc -c -g -O2 -fcommon  conftest.c >&5
conftest.c: In function 'main':
conftest.c:143:28: error: 'canonicalize_file_name' undeclared (first use in this function)
  143 | char *(*pfn) = (char *(*)) canonicalize_file_name
      |                            ^~~~~~~~~~~~~~~~~~~~~~
conftest.c:143:28: note: each undeclared identifier is reported only once for each function it appears in
configure:8162: $? = 1
configure: failed program was:
| /* confdefs.h.  */
| 
| #define PACKAGE_NAME ""
| #define PACKAGE_TARNAME ""
| #define PACKAGE_VERSION ""
| #define PACKAGE_STRING ""
| #define PACKAGE_BUGREPORT ""
| #define HAVE_SYS_FILE_H 1
| #define HAVE_SYS_PARAM_H 1
| #define HAVE_LIMITS_H 1
| #define HAVE_STDLIB_H 1
| #define HAVE_MALLOC_H 1
| #define HAVE_STRING_H 1
| #define HAVE_UNISTD_H 1
| #define HAVE_STRINGS_H 1
| #define HAVE_SYS_TIME_H 1
| #define HAVE_TIME_H 1
| #define HAVE_SYS_RESOURCE_H 1
| #define HAVE_SYS_STAT_H 1
| #define HAVE_SYS_MMAN_H 1
| #define HAVE_FCNTL_H 1
| #define HAVE_ALLOCA_H 1
| #define HAVE_SYS_SYSINFO_H 1
| #define HAVE_STDINT_H 1
| #define HAVE_STDIO_EXT_H 1
| #define HAVE_SYS_WAIT_H 1
| #define TIME_WITH_SYS_TIME 1
| #define STDC_HEADERS 1
| #define HAVE_SYS_TYPES_H 1
| #define HAVE_SYS_STAT_H 1
| #define HAVE_STDLIB_H 1
| #define HAVE_STRING_H 1
| #define HAVE_MEMORY_H 1
| #define HAVE_STRINGS_H 1
| #define HAVE_INTTYPES_H 1
| #define HAVE_STDINT_H 1
| #define HAVE_UNISTD_H 1
| #define SIZEOF_INT 4
| #define UNSIGNED_64BIT_TYPE uint64_t
| #define HAVE_UINTPTR_T 1
| #define HAVE_ASPRINTF 1
| #define HAVE_ATEXIT 1
| #define HAVE_BASENAME 1
| #define HAVE_BCMP 1
| #define HAVE_BCOPY 1
| #define HAVE_BSEARCH 1
| #define HAVE_BZERO 1
| #define HAVE_CALLOC 1
| #define HAVE_CLOCK 1
| #define HAVE_FFS 1
| #define HAVE_GETCWD 1
| #define HAVE_GETPAGESIZE 1
| #define HAVE_GETTIMEOFDAY 1
| #define HAVE_INDEX 1
| #define HAVE_INSQUE 1
| #define HAVE_MEMCHR 1
| #define HAVE_MEMCMP 1
| #define HAVE_MEMCPY 1
| #define HAVE_MEMMOVE 1
| #define HAVE_MEMPCPY 1
| #define HAVE_MEMSET 1
| #define HAVE_MKSTEMPS 1
| #define HAVE_PUTENV 1
| #define HAVE_RANDOM 1
| #define HAVE_RENAME 1
| #define HAVE_RINDEX 1
| #define HAVE_SETENV 1
| #define HAVE_SNPRINTF 1
| #define HAVE_SIGSETMASK 1
| #define HAVE_STPCPY 1
| #define HAVE_STPNCPY 1
| #define HAVE_STRCASECMP 1
| #define HAVE_STRCHR 1
| #define HAVE_STRDUP 1
| #define HAVE_STRNCASECMP 1
| #define HAVE_STRNDUP 1
| #define HAVE_STRRCHR 1
| #define HAVE_STRSTR 1
| #define HAVE_STRTOD 1
| #define HAVE_STRTOL 1
| #define HAVE_STRTOUL 1
| #define HAVE_STRVERSCMP 1
| #define HAVE_TMPNAM 1
| #define HAVE_VASPRINTF 1
| #define HAVE_VFPRINTF 1
| #define HAVE_VPRINTF 1
| #define HAVE_VSNPRINTF 1
| #define HAVE_VSPRINTF 1
| #define HAVE_WAITPID 1
| #define STACK_DIRECTION 1
| #define HAVE_UNISTD_H 1
| #define HAVE_FORK 1
| #define HAVE_VFORK 1
| #define HAVE_WORKING_VFORK 1
| #define HAVE_WORKING_FORK 1
| #define HAVE_GETRUSAGE 1
| #define HAVE_ON_EXIT 1
| #define HAVE_PSIGNAL 1
| #define HAVE_STRERROR 1
| #define HAVE_STRSIGNAL 1
| #define HAVE_SYSCONF 1
| #define HAVE_TIMES 1
| #define HAVE_SBRK 1
| #define HAVE_GETTIMEOFDAY 1
| #define HAVE_REALPATH 1
| #define HAVE_CANONICALIZE_FILE_NAME 1
| #define HAVE_WAIT3 1
| #define HAVE_WAIT4 1
| #define HAVE___FSETLOCKING 1
| #define HAVE_DECL_BASENAME 0
| #define HAVE_DECL_FFS 1
| #define HAVE_DECL_ASPRINTF 1
| #define HAVE_DECL_VASPRINTF 1
| #define HAVE_DECL_SNPRINTF 1
| #define HAVE_DECL_VSNPRINTF 1
| #define HAVE_DECL_CALLOC 1
| #define HAVE_DECL_GETENV 1
| #define HAVE_DECL_GETOPT 1
| #define HAVE_DECL_MALLOC 1
| #define HAVE_DECL_REALLOC 1
| #define HAVE_DECL_SBRK 1
| #define HAVE_DECL_STRVERSCMP 0
| /* end confdefs.h.  */
| 
| #include "confdefs.h"
| #include <stdio.h>
| #ifdef HAVE_STRING_H
| #include <string.h>
| #else
| #ifdef HAVE_STRINGS_H
| #include <strings.h>
| #endif
| #endif
| #ifdef HAVE_STDLIB_H
| #include <stdlib.h>
| #endif
| #ifdef HAVE_UNISTD_H
| #include <unistd.h>
| #endif
| int
| main ()
| {
| char *(*pfn) = (char *(*)) canonicalize_file_name
|   ;
|   return 0;
| }
configure:8187: result: yes
configure:8219: checking for stdlib.h
configure:8259: result: yes
configure:8219: checking for unistd.h
configure:8259: result: yes
configure:8273: checking for getpagesize
configure:8360: result: yes
configure:8370: checking for working mmap
configure:8512: gcc -o conftest -g -O2 -fcommon   conftest.c  >&5
configure:8515: $? = 0
configure:8517: ./conftest
configure:8520: $? = 0
configure:8534: result: yes
configure:8547: checking for working strncmp
configure:8624: gcc -o conftest -g -O2 -fcommon   conftest.c  >&5
conftest.c:159:1: warning: return type defaults to 'int' [-Wimplicit-int]
  159 | main ()
      | ^~~~
conftest.c: In function 'main':
conftest.c:167:5: warning: implicit declaration of function 'exit' [-Wimplicit-function-declaration]
  167 |     exit (1);
      |     ^~~~
conftest.c:140:1: note: include '<stdlib.h>' or provide a declaration of 'exit'
  139 | #include <sys/mman.h>
  +++ |+#include <stdlib.h>
  140 | #endif
conftest.c:167:5: warning: incompatible implicit declaration of built-in function 'exit' [-Wbuiltin-declaration-mismatch]
  167 |     exit (1);
      |     ^~~~
conftest.c:167:5: note: include '<stdlib.h>' or provide a declaration of 'exit'
conftest.c:175:5: warning: incompatible implicit declaration of built-in function 'exit' [-Wbuiltin-declaration-mismatch]
  175 |     exit (2);
      |     ^~~~
conftest.c:175:5: note: include '<stdlib.h>' or provide a declaration of 'exit'
conftest.c:179:40: warning: implicit declaration of function 'strlen' [-Wimplicit-function-declaration]
  179 |       char *q = (char *) p + MAP_LEN - strlen (string) - 2;
      |                                        ^~~~~~
conftest.c:140:1: note: include '<string.h>' or provide a declaration of 'strlen'
  139 | #include <sys/mman.h>
  +++ |+#include <string.h>
  140 | #endif
conftest.c:179:40: warning: incompatible implicit declaration of built-in function 'strlen' [-Wbuiltin-declaration-mismatch]
  179 |       char *q = (char *) p + MAP_LEN - strlen (string) - 2;
      |                                        ^~~~~~
conftest.c:179:40: note: include '<string.h>' or provide a declaration of 'strlen'
conftest.c:182:7: warning: implicit declaration of function 'strcpy' [-Wimplicit-function-declaration]
  182 |       strcpy (q, string);
      |       ^~~~~~
conftest.c:182:7: note: include '<string.h>' or provide a declaration of 'strcpy'
conftest.c:182:7: warning: incompatible implicit declaration of built-in function 'strcpy' [-Wbuiltin-declaration-mismatch]
conftest.c:182:7: note: include '<string.h>' or provide a declaration of 'strcpy'
conftest.c:184:7: warning: implicit declaration of function 'strncmp' [-Wimplicit-function-declaration]
  184 |       strncmp (r, q, 14);
      |       ^~~~~~~
conftest.c:184:7: note: include '<string.h>' or provide a declaration of 'strncmp'
conftest.c:184:22: warning: 'strncmp' argument 3 type is 'int' where 'long unsigned int' is expected in a call to built-in function declared without prototype [-Wbuiltin-declaration-mismatch]
  184 |       strncmp (r, q, 14);
      |                      ^~
<built-in>: note: built-in 'strncmp' declared here
conftest.c:187:3: warning: incompatible implicit declaration of built-in function 'exit' [-Wbuiltin-declaration-mismatch]
  187 |   exit (0);
      |   ^~~~
conftest.c:187:3: note: include '<stdlib.h>' or provide a declaration of 'exit'
configure:8627: $? = 0
configure:8629: ./conftest
configure:8632: $? = 0
configure:8647: result: yes
configure:8784: creating ./config.status

## ---------------------- ##
## Running config.status. ##
## ---------------------- ##

This file was extended by config.status, which was
generated by GNU Autoconf 2.59.  Invocation command line was

  CONFIG_FILES    = 
  CONFIG_HEADERS  = 
  CONFIG_LINKS    = 
  CONFIG_COMMANDS = 
  $ ./config.status 

on runnervm46oaq

config.status:9534: creating Makefile
config.status:9534: creating testsuite/Makefile
config.status:9637: creating config.h
config.status:9939: executing default commands

## ---------------- ##
## Cache variables. ##
## ---------------- ##

ac_cv_build='x86_64-unknown-linux-gnu'
ac_cv_build_alias='x86_64-unknown-linux-gnu'
ac_cv_c_bigendian='no'
ac_cv_c_compiler_gnu='yes'
ac_cv_c_const='yes'
ac_cv_c_inline='inline'
ac_cv_c_stack_direction='1'
ac_cv_env_CC_set='set'
ac_cv_env_CC_value='gcc'
ac_cv_env_CFLAGS_set='set'
ac_cv_env_CFLAGS_value='-g -O2 -fcommon'
ac_cv_env_CPPFLAGS_set=''
ac_cv_env_CPPFLAGS_value=''
ac_cv_env_CPP_set=''
ac_cv_env_CPP_value=''
ac_cv_env_LDFLAGS_set='set'
ac_cv_env_LDFLAGS_value=''
ac_cv_env_build_alias_set='set'
ac_cv_env_build_alias_value='x86_64-unknown-linux-gnu'
ac_cv_env_host_alias_set='set'
ac_cv_env_host_alias_value='x86_64-unknown-linux-gnu'
ac_cv_env_target_alias_set='set'
ac_cv_env_target_alias_value='x86_64-unknown-linux-gnu'
ac_cv_exeext=''
ac_cv_func___fsetlocking='yes'
ac_cv_func__doprnt='no'
ac_cv_func_asprintf='yes'
ac_cv_func_atexit='yes'
ac_cv_func_basename='yes'
ac_cv_func_bcmp='yes'
ac_cv_func_bcopy='yes'
ac_cv_func_bsearch='yes'
ac_cv_func_bzero='yes'
ac_cv_func_calloc='yes'
ac_cv_func_canonicalize_file_name='yes'
ac_cv_func_clock='yes'
ac_cv_func_ffs='yes'
ac_cv_func_fork='yes'
ac_cv_func_fork_works='yes'
ac_cv_func_getcwd='yes'
ac_cv_func_getpagesize='yes'
ac_cv_func_getrusage='yes'
ac_cv_func_getsysinfo='no'
ac_cv_func_gettimeofday='yes'
ac_cv_func_index='yes'
ac_cv_func_insque='yes'
ac_cv_func_memchr='yes'
ac_cv_func_memcmp='yes'
ac_cv_func_memcpy='yes'
ac_cv_func_memmove='yes'
ac_cv_func_mempcpy='yes'
ac_cv_func_memset='yes'
ac_cv_func_mkstemps='yes'
ac_cv_func_mmap_fixed_mapped='yes'
ac_cv_func_on_exit='yes'
ac_cv_func_psignal='yes'
ac_cv_func_pstat_getdynamic='no'
ac_cv_func_pstat_getstatic='no'
ac_cv_func_putenv='yes'
ac_cv_func_random='yes'
ac_cv_func_realpath='yes'
ac_cv_func_rename='yes'
ac_cv_func_rindex='yes'
ac_cv_func_sbrk='yes'
ac_cv_func_setenv='yes'
ac_cv_func_sigsetmask='yes'
ac_cv_func_snprintf='yes'
ac_cv_func_stpcpy='yes'
ac_cv_func_stpncpy='yes'
ac_cv_func_strcasecmp='yes'
ac_cv_func_strchr='yes'
ac_cv_func_strdup='yes'
ac_cv_func_strerror='yes'
ac_cv_func_strncasecmp='yes'
ac_cv_func_strncmp_works='yes'
ac_cv_func_strndup='yes'
ac_cv_func_strrchr='yes'
ac_cv_func_strsignal='yes'
ac_cv_func_strstr='yes'
ac_cv_func_strtod='yes'
ac_cv_func_strtol='yes'
ac_cv_func_strtoul='yes'
ac_cv_func_strverscmp='yes'
ac_cv_func_sysconf='yes'
ac_cv_func_sysctl='no'
ac_cv_func_sysmp='no'
ac_cv_func_table='no'
ac_cv_func_times='yes'
ac_cv_func_tmpnam='yes'
ac_cv_func_vasprintf='yes'
ac_cv_func_vfork='yes'
ac_cv_func_vfork_works='yes'
ac_cv_func_vfprintf='yes'
ac_cv_func_vprintf='yes'
ac_cv_func_vsnprintf='yes'
ac_cv_func_vsprintf='yes'
ac_cv_func_wait3='yes'
ac_cv_func_wait4='yes'
ac_cv_func_waitpid='yes'
ac_cv_have_decl_asprintf='yes'
ac_cv_have_decl_basename='no'
ac_cv_have_decl_calloc='yes'
ac_cv_have_decl_ffs='yes'
ac_cv_have_decl_getenv='yes'
ac_cv_have_decl_getopt='yes'
ac_cv_have_decl_malloc='yes'
ac_cv_have_decl_realloc='yes'
ac_cv_have_decl_sbrk='yes'
ac_cv_have_decl_snprintf='yes'
ac_cv_have_decl_strverscmp='no'
ac_cv_have_decl_vasprintf='yes'
ac_cv_have_decl_vsnprintf='yes'
ac_cv_header_alloca_h='yes'
ac_cv_header_fcntl_h='yes'
ac_cv_header_inttypes_h='yes'
ac_cv_header_limits_h='yes'
ac_cv_header_machine_hal_sysinfo_h='no'
ac_cv_header_malloc_h='yes'
ac_cv_header_memory_h='yes'
ac_cv_header_stdc='yes'
ac_cv_header_stdint_h='yes'
ac_cv_header_stdio_ext_h='yes'
ac_cv_header_stdlib_h='yes'
ac_cv_header_string_h='yes'
ac_cv_header_strings_h='yes'
ac_cv_header_sys_file_h='yes'
ac_cv_header_sys_mman_h='yes'
ac_cv_header_sys_param_h='yes'
ac_cv_header_sys_pstat_h='no'
ac_cv_header_sys_resource_h='yes'
ac_cv_header_sys_stat_h='yes'
ac_cv_header_sys_sysctl_h='no'
ac_cv_header_sys_sysinfo_h='yes'
ac_cv_header_sys_sysmp_h='no'
ac_cv_header_sys_systemcfg_h='no'
ac_cv_header_sys_table_h='no'
ac_cv_header_sys_time_h='yes'
ac_cv_header_sys_types_h='yes'
ac_cv_header_sys_wait_h='yes'
ac_cv_header_time='yes'
ac_cv_header_time_h='yes'
ac_cv_header_unistd_h='yes'
ac_cv_header_vfork_h='no'
ac_cv_host='x86_64-unknown-linux-gnu'
ac_cv_host_alias='x86_64-unknown-linux-gnu'
ac_cv_objext='o'
ac_cv_os_cray='no'
ac_cv_path_install='/usr/bin/install -c'
ac_cv_prog_AR='ar'
ac_cv_prog_CC='gcc'
ac_cv_prog_CPP='gcc -E'
ac_cv_prog_MAKEINFO='makeinfo'
ac_cv_prog_PERL='perl'
ac_cv_prog_RANLIB='ranlib'
ac_cv_prog_cc_g='yes'
ac_cv_prog_cc_gcc_c_o='yes'
ac_cv_prog_cc_stdc=''
ac_cv_prog_cc_w_cxx_compat='yes'
ac_cv_prog_egrep='grep -E'
ac_cv_search_strerror='none required'
ac_cv_sizeof_int='4'
ac_cv_type_int='yes'
ac_cv_type_pid_t='yes'
ac_cv_type_uintptr_t='yes'
liberty_cv_uint64='uint64_t'
libiberty_cv_decl_needed_canonicalize_file_name='yes'
libiberty_cv_declare_errno='no'
libiberty_cv_var_sys_errlist='no'
libiberty_cv_var_sys_nerr='no'
libiberty_cv_var_sys_siglist='no'

## ----------------- ##
## Output variables. ##
## ----------------- ##

AR='ar'
BUILD_INFO='info'
CC='gcc'
CFLAGS='-g -O2 -fcommon'
CHECK='really-check'
CPP='gcc -E'
CPPFLAGS=''
DEFS='-DHAVE_CONFIG_H'
ECHO_C='ECHO_N=''
ECHO_T=''
EGREP='grep -E'
EXEEXT=''
HAVE_PERL=''
INSTALL_DATA='${INSTALL} -m 644'
INSTALL_DEST='libdir'
INSTALL_PROGRAM='${INSTALL}'
INSTALL_SCRIPT='${INSTALL}'
LDFLAGS=''
LIBOBJS=''
LIBS=''
LTLIBOBJS=''
MAINT='#'
MAKEINFO='makeinfo'
NOTMAINT=''
NO_MINUS_C_MINUS_O=''
OBJEXT='o'
OUTPUT_OPTION='-o $@'
PACKAGE_BUGREPORT=''
PACKAGE_NAME=''
PACKAGE_STRING=''
PACKAGE_TARNAME=''
PACKAGE_VERSION=''
PATH_SEPARATOR=':'
PERL='perl'
RANLIB='ranlib'
SHELL='/bin/sh'
ac_ct_AR=''
ac_ct_CC=''
ac_ct_RANLIB=''
ac_libiberty_warn_cflags='-W -Wall -pedantic -Wwrite-strings -Wstrict-prototypes -Wc++-compat'
bindir='${exec_prefix}/bin'
build='x86_64-unknown-linux-gnu'
build_alias='x86_64-unknown-linux-gnu'
build_cpu='x86_64'
build_os='linux-gnu'
build_vendor='unknown'
datadir='${prefix}/share'
datarootdir=''
docdir=''
exec_prefix='${prefix}'
host='x86_64-unknown-linux-gnu'
host_alias='x86_64-unknown-linux-gnu'
host_cpu='x86_64'
host_os='linux-gnu'
host_vendor='unknown'
htmldir=''
includedir='${prefix}/include'
infodir='${prefix}/info'
libdir='${exec_prefix}/lib'
libexecdir='${exec_prefix}/libexec'
libiberty_topdir='.././libiberty/..'
localstatedir='${prefix}/var'
mandir='${prefix}/man'
oldincludedir='/usr/include'
pexecute='./pex-unix.o'
prefix='/tmp/binut217'
program_transform_name='s,y,y,'
sbindir='${exec_prefix}/sbin'
sharedstatedir='${prefix}/com'
sysconfdir='${prefix}/etc'
target_alias='x86_64-unknown-linux-gnu'
target_header_dir=''

## ------------- ##
## Output files. ##
## ------------- ##

host_makefile_frag='xhost-mkfrag'

## ----------- ##
## confdefs.h. ##
## ----------- ##

#define HAVE_ALLOCA_H 1
#define HAVE_ASPRINTF 1
#define HAVE_ATEXIT 1
#define HAVE_BASENAME 1
#define HAVE_BCMP 1
#define HAVE_BCOPY 1
#define HAVE_BSEARCH 1
#define HAVE_BZERO 1
#define HAVE_CALLOC 1
#define HAVE_CANONICALIZE_FILE_NAME 1
#define HAVE_CLOCK 1
#define HAVE_DECL_ASPRINTF 1
#define HAVE_DECL_BASENAME 0
#define HAVE_DECL_CALLOC 1
#define HAVE_DECL_FFS 1
#define HAVE_DECL_GETENV 1
#define HAVE_DECL_GETOPT 1
#define HAVE_DECL_MALLOC 1
#define HAVE_DECL_REALLOC 1
#define HAVE_DECL_SBRK 1
#define HAVE_DECL_SNPRINTF 1
#define HAVE_DECL_STRVERSCMP 0
#define HAVE_DECL_VASPRINTF 1
#define HAVE_DECL_VSNPRINTF 1
#define HAVE_FCNTL_H 1
#define HAVE_FFS 1
#define HAVE_FORK 1
#define HAVE_GETCWD 1
#define HAVE_GETPAGESIZE 1
#define HAVE_GETPAGESIZE 1
#define HAVE_GETRUSAGE 1
#define HAVE_GETTIMEOFDAY 1
#define HAVE_GETTIMEOFDAY 1
#define HAVE_INDEX 1
#define HAVE_INSQUE 1
#define HAVE_INTTYPES_H 1
#define HAVE_LIMITS_H 1
#define HAVE_MALLOC_H 1
#define HAVE_MEMCHR 1
#define HAVE_MEMCMP 1
#define HAVE_MEMCPY 1
#define HAVE_MEMMOVE 1
#define HAVE_MEMORY_H 1
#define HAVE_MEMPCPY 1
#define HAVE_MEMSET 1
#define HAVE_MKSTEMPS 1
#define HAVE_MMAP 1
#define HAVE_ON_EXIT 1
#define HAVE_PSIGNAL 1
#define HAVE_PUTENV 1
#define HAVE_RANDOM 1
#define HAVE_REALPATH 1
#define HAVE_RENAME 1
#define HAVE_RINDEX 1
#define HAVE_SBRK 1
#define HAVE_SETENV 1
#define HAVE_SIGSETMASK 1
#define HAVE_SNPRINTF 1
#define HAVE_STDINT_H 1
#define HAVE_STDINT_H 1
#define HAVE_STDIO_EXT_H 1
#define HAVE_STDLIB_H 1
#define HAVE_STDLIB_H 1
#define HAVE_STDLIB_H 1
#define HAVE_STPCPY 1
#define HAVE_STPNCPY 1
#define HAVE_STRCASECMP 1
#define HAVE_STRCHR 1
#define HAVE_STRDUP 1
#define HAVE_STRERROR 1
#define HAVE_STRINGS_H 1
#define HAVE_STRINGS_H 1
#define HAVE_STRING_H 1
#define HAVE_STRING_H 1
#define HAVE_STRNCASECMP 1
#define HAVE_STRNDUP 1
#define HAVE_STRRCHR 1
#define HAVE_STRSIGNAL 1
#define HAVE_STRSTR 1
#define HAVE_STRTOD 1
#define HAVE_STRTOL 1
#define HAVE_STRTOUL 1
#define HAVE_STRVERSCMP 1
#define HAVE_SYSCONF 1
#define HAVE_SYS_FILE_H 1
#define HAVE_SYS_MMAN_H 1
#define HAVE_SYS_PARAM_H 1
#define HAVE_SYS_RESOURCE_H 1
#define HAVE_SYS_STAT_H 1
#define HAVE_SYS_STAT_H 1
#define HAVE_SYS_SYSINFO_H 1
#define HAVE_SYS_TIME_H 1
#define HAVE_SYS_TYPES_H 1
#define HAVE_SYS_WAIT_H 1
#define HAVE_TIMES 1
#define HAVE_TIME_H 1
#define HAVE_TMPNAM 1
#define HAVE_UINTPTR_T 1
#define HAVE_UNISTD_H 1
#define HAVE_UNISTD_H 1
#define HAVE_UNISTD_H 1
#define HAVE_UNISTD_H 1
#define HAVE_VASPRINTF 1
#define HAVE_VFORK 1
#define HAVE_VFPRINTF 1
#define HAVE_VPRINTF 1
#define HAVE_VSNPRINTF 1
#define HAVE_VSPRINTF 1
#define HAVE_WAIT3 1
#define HAVE_WAIT4 1
#define HAVE_WAITPID 1
#define HAVE_WORKING_FORK 1
#define HAVE_WORKING_VFORK 1
#define HAVE___FSETLOCKING 1
#define NEED_DECLARATION_CANONICALIZE_FILE_NAME 1
#define PACKAGE_BUGREPORT ""
#define PACKAGE_NAME ""
#define PACKAGE_STRING ""
#define PACKAGE_TARNAME ""
#define PACKAGE_VERSION ""
#define SIZEOF_INT 4
#define STACK_DIRECTION 1
#define STDC_HEADERS 1
#define TIME_WITH_SYS_TIME 1
#define UNSIGNED_64BIT_TYPE uint64_t

configure: exit 0
